Task_Model,absolute_difference_accuracy,absolute_difference_instruction_followed,absolute_difference_output_tokens,absolute_difference_response_length,absolute_difference_word_count,comparison_accuracy,comparison_instruction_followed,comparison_output_tokens,comparison_response_length,comparison_word_count,division_accuracy,division_instruction_followed,division_output_tokens,division_response_length,division_word_count,even_count_16_accuracy,even_count_16_instruction_followed,even_count_16_output_tokens,even_count_16_response_length,even_count_16_word_count,even_count_32_accuracy,even_count_32_instruction_followed,even_count_32_output_tokens,even_count_32_response_length,even_count_32_word_count,even_count_64_accuracy,even_count_64_instruction_followed,even_count_64_output_tokens,even_count_64_response_length,even_count_64_word_count,even_count_8_accuracy,even_count_8_instruction_followed,even_count_8_output_tokens,even_count_8_response_length,even_count_8_word_count,find_maximum_16_accuracy,find_maximum_16_instruction_followed,find_maximum_16_output_tokens,find_maximum_16_response_length,find_maximum_16_word_count,find_maximum_32_accuracy,find_maximum_32_instruction_followed,find_maximum_32_output_tokens,find_maximum_32_response_length,find_maximum_32_word_count,find_maximum_64_accuracy,find_maximum_64_instruction_followed,find_maximum_64_output_tokens,find_maximum_64_response_length,find_maximum_64_word_count,find_maximum_8_accuracy,find_maximum_8_instruction_followed,find_maximum_8_output_tokens,find_maximum_8_response_length,find_maximum_8_word_count,find_minimum_16_accuracy,find_minimum_16_instruction_followed,find_minimum_16_output_tokens,find_minimum_16_response_length,find_minimum_16_word_count,find_minimum_32_accuracy,find_minimum_32_instruction_followed,find_minimum_32_output_tokens,find_minimum_32_response_length,find_minimum_32_word_count,find_minimum_64_accuracy,find_minimum_64_instruction_followed,find_minimum_64_output_tokens,find_minimum_64_response_length,find_minimum_64_word_count,find_minimum_8_accuracy,find_minimum_8_instruction_followed,find_minimum_8_output_tokens,find_minimum_8_response_length,find_minimum_8_word_count,mean_16_accuracy,mean_16_instruction_followed,mean_16_output_tokens,mean_16_response_length,mean_16_word_count,mean_32_accuracy,mean_32_instruction_followed,mean_32_output_tokens,mean_32_response_length,mean_32_word_count,mean_64_accuracy,mean_64_instruction_followed,mean_64_output_tokens,mean_64_response_length,mean_64_word_count,mean_8_accuracy,mean_8_instruction_followed,mean_8_output_tokens,mean_8_response_length,mean_8_word_count,median_16_accuracy,median_16_instruction_followed,median_16_output_tokens,median_16_response_length,median_16_word_count,median_32_accuracy,median_32_instruction_followed,median_32_output_tokens,median_32_response_length,median_32_word_count,median_64_accuracy,median_64_instruction_followed,median_64_output_tokens,median_64_response_length,median_64_word_count,median_8_accuracy,median_8_instruction_followed,median_8_output_tokens,median_8_response_length,median_8_word_count,mode_16_accuracy,mode_16_instruction_followed,mode_16_output_tokens,mode_16_response_length,mode_16_word_count,mode_32_accuracy,mode_32_instruction_followed,mode_32_output_tokens,mode_32_response_length,mode_32_word_count,mode_64_accuracy,mode_64_instruction_followed,mode_64_output_tokens,mode_64_response_length,mode_64_word_count,mode_8_accuracy,mode_8_instruction_followed,mode_8_output_tokens,mode_8_response_length,mode_8_word_count,multiplication_2_accuracy,multiplication_2_instruction_followed,multiplication_2_output_tokens,multiplication_2_response_length,multiplication_2_word_count,multiplication_4_accuracy,multiplication_4_instruction_followed,multiplication_4_output_tokens,multiplication_4_response_length,multiplication_4_word_count,multiplication_8_accuracy,multiplication_8_instruction_followed,multiplication_8_output_tokens,multiplication_8_response_length,multiplication_8_word_count,odd_count_16_accuracy,odd_count_16_instruction_followed,odd_count_16_output_tokens,odd_count_16_response_length,odd_count_16_word_count,odd_count_32_accuracy,odd_count_32_instruction_followed,odd_count_32_output_tokens,odd_count_32_response_length,odd_count_32_word_count,odd_count_64_accuracy,odd_count_64_instruction_followed,odd_count_64_output_tokens,odd_count_64_response_length,odd_count_64_word_count,odd_count_8_accuracy,odd_count_8_instruction_followed,odd_count_8_output_tokens,odd_count_8_response_length,odd_count_8_word_count,sorting_16_accuracy,sorting_16_instruction_followed,sorting_16_output_tokens,sorting_16_response_length,sorting_16_word_count,sorting_32_accuracy,sorting_32_instruction_followed,sorting_32_output_tokens,sorting_32_response_length,sorting_32_word_count,sorting_64_accuracy,sorting_64_instruction_followed,sorting_64_output_tokens,sorting_64_response_length,sorting_64_word_count,sorting_8_accuracy,sorting_8_instruction_followed,sorting_8_output_tokens,sorting_8_response_length,sorting_8_word_count,subtraction_accuracy,subtraction_instruction_followed,subtraction_output_tokens,subtraction_response_length,subtraction_word_count,sum_16_accuracy,sum_16_instruction_followed,sum_16_output_tokens,sum_16_response_length,sum_16_word_count,sum_32_accuracy,sum_32_instruction_followed,sum_32_output_tokens,sum_32_response_length,sum_32_word_count,sum_64_accuracy,sum_64_instruction_followed,sum_64_output_tokens,sum_64_response_length,sum_64_word_count,sum_8_accuracy,sum_8_instruction_followed,sum_8_output_tokens,sum_8_response_length,sum_8_word_count
Qwen-2.5-Instruct (0.5B),63.00% ± 5.0,76.33% ± 2.9,810.65 ± 275.96,1639.85 ± 680.74,351.72 ± 146.52,29.67% ± 3.9,42.67% ± 2.1,1005.31 ± 86.72,1549.45 ± 519.16,310.09 ± 90.37,34.67% ± 3.4,80.33% ± 0.5,810.65 ± 275.96,1639.85 ± 680.74,351.72 ± 146.52,12.00% ± 2.2,90.33% ± 2.1,392.85 ± 168.75,941.09 ± 366.38,197.90 ± 79.21,4.00% ± 0.8,68.00% ± 2.9,669.36 ± 261.70,1472.92 ± 600.86,312.09 ± 126.77,0.67% ± 0.5,45.33% ± 2.4,810.65 ± 275.96,1639.85 ± 680.74,351.72 ± 146.52,22.67% ± 2.9,95.33% ± 0.9,246.29 ± 71.89,674.38 ± 201.18,136.62 ± 41.08,54.67% ± 5.9,56.00% ± 2.2,187.55 ± 238.90,492.37 ± 616.17,92.89 ± 112.69,46.00% ± 2.5,36.33% ± 1.7,309.78 ± 363.90,622.31 ± 684.70,121.72 ± 131.22,31.67% ± 4.9,30.67% ± 4.2,276.95 ± 357.80,495.05 ± 638.83,102.38 ± 131.47,66.33% ± 4.2,48.67% ± 2.6,100.38 ± 123.55,277.27 ± 320.81,53.53 ± 63.34,52.00% ± 3.6,82.67% ± 5.6,263.93 ± 284.81,618.34 ± 606.42,117.26 ± 117.59,31.33% ± 1.2,62.00% ± 5.9,417.49 ± 392.04,845.55 ± 810.07,162.20 ± 152.30,22.67% ± 2.6,51.00% ± 2.2,388.91 ± 400.15,685.74 ± 723.62,136.74 ± 139.75,63.33% ± 0.9,89.00% ± 2.5,155.33 ± 136.84,427.71 ± 353.83,81.05 ± 69.12,0.67% ± 0.9,100.00% ± 0.0,614.27 ± 192.03,1218.56 ± 254.69,282.69 ± 96.91,0.00% ± 0.0,100.00% ± 0.0,770.53 ± 256.35,1415.86 ± 377.95,348.38 ± 110.24,0.00% ± 0.0,98.00% ± 0.0,714.68 ± 238.70,1317.81 ± 340.78,323.30 ± 101.88,54.67% ± 4.6,100.00% ± 0.0,383.78 ± 107.83,851.67 ± 182.68,174.03 ± 54.53,3.33% ± 0.5,98.67% ± 0.9,376.82 ± 194.31,859.05 ± 259.25,163.14 ± 52.51,1.00% ± 0.8,85.00% ± 2.2,862.73 ± 271.57,1283.12 ± 279.17,259.20 ± 60.23,0.00% ± 0.0,85.33% ± 1.2,924.53 ± 215.21,1358.22 ± 219.34,276.36 ± 49.37,22.33% ± 3.3,100.00% ± 0.0,261.24 ± 53.39,689.73 ± 168.30,127.27 ± 27.64,27.67% ± 2.5,100.00% ± 0.0,378.75 ± 142.20,935.90 ± 326.46,179.23 ± 58.95,4.00% ± 0.0,96.33% ± 1.7,676.95 ± 245.19,1436.70 ± 523.24,289.58 ± 98.78,1.33% ± 0.9,84.67% ± 4.5,839.00 ± 294.93,1589.86 ± 604.69,351.05 ± 125.80,34.00% ± 7.8,99.33% ± 0.5,209.29 ± 59.32,584.30 ± 176.95,107.65 ± 31.17,31.67% ± 4.5,47.33% ± 2.1,49.94 ± 66.43,130.86 ± 190.25,23.00 ± 33.38,2.33% ± 0.5,79.67% ± 4.2,121.75 ± 124.65,290.86 ± 322.42,52.82 ± 58.59,0.33% ± 0.5,88.00% ± 4.1,229.61 ± 243.55,471.69 ± 490.18,95.93 ± 106.07,7.00% ± 2.2,94.33% ± 0.9,391.34 ± 158.78,981.22 ± 357.37,205.62 ± 75.80,2.33% ± 0.5,80.67% ± 3.8,627.20 ± 244.95,1449.13 ± 599.73,300.53 ± 122.83,0.00% ± 0.0,41.67% ± 1.9,839.96 ± 265.14,1723.38 ± 714.03,370.46 ± 153.03,22.67% ± 2.6,97.00% ± 1.4,246.28 ± 86.49,683.62 ± 207.05,140.38 ± 42.66,21.00% ± 2.5,93.33% ± 3.4,710.11 ± 374.17,1600.72 ± 1120.01,292.13 ± 185.48,27.33% ± 3.1,90.00% ± 0.8,993.18 ± 116.13,1810.17 ± 715.53,346.45 ± 114.84,24.67% ± 1.9,91.67% ± 3.3,1005.31 ± 86.72,1549.45 ± 519.16,310.09 ± 90.37,43.67% ± 6.3,100.00% ± 0.0,290.77 ± 276.14,798.75 ± 816.35,139.58 ± 135.75,78.00% ± 0.8,77.00% ± 4.5,388.91 ± 400.15,685.74 ± 723.62,136.74 ± 139.75,21.00% ± 1.4,89.67% ± 3.3,284.38 ± 250.98,537.88 ± 470.28,129.13 ± 114.36,2.33% ± 1.2,68.33% ± 1.2,512.80 ± 411.05,858.73 ± 691.32,216.36 ± 179.07,0.33% ± 0.5,48.00% ± 3.7,511.52 ± 468.09,843.14 ± 785.65,210.84 ± 192.47,29.00% ± 2.8,93.00% ± 1.6,125.83 ± 133.29,268.06 ± 297.55,60.30 ± 66.50
Qwen-2.5-Instruct (1.5B),94.00% ± 1.4,85.00% ± 2.8,607.02 ± 323.62,980.51 ± 539.25,223.74 ± 130.49,37.67% ± 4.7,47.67% ± 4.0,643.11 ± 231.55,761.74 ± 274.63,170.72 ± 61.45,71.00% ± 0.0,49.00% ± 4.3,607.02 ± 323.62,980.51 ± 539.25,223.74 ± 130.49,27.67% ± 3.8,78.67% ± 4.1,226.72 ± 126.49,531.95 ± 302.37,111.95 ± 66.05,5.67% ± 1.2,71.00% ± 3.3,385.57 ± 237.44,741.69 ± 423.29,161.09 ± 95.86,1.33% ± 1.2,43.67% ± 1.7,607.02 ± 323.62,980.51 ± 539.25,223.74 ± 130.49,47.67% ± 2.1,75.00% ± 2.5,125.11 ± 91.92,342.97 ± 256.24,69.79 ± 52.73,86.00% ± 2.2,79.33% ± 3.1,70.45 ± 140.68,211.15 ± 419.15,39.38 ± 78.94,84.67% ± 3.4,68.00% ± 2.9,93.58 ± 177.46,243.14 ± 431.97,47.46 ± 88.14,85.67% ± 2.4,79.67% ± 2.1,86.17 ± 216.71,194.43 ± 442.03,39.06 ± 93.11,95.00% ± 1.4,72.67% ± 3.1,53.58 ± 97.79,171.05 ± 307.96,31.57 ± 56.92,85.00% ± 1.6,97.00% ± 1.4,60.79 ± 139.12,164.75 ± 357.33,30.56 ± 68.38,73.33% ± 2.1,90.67% ± 0.5,119.03 ± 228.39,297.55 ± 558.65,57.46 ± 110.45,75.00% ± 1.4,94.33% ± 2.6,110.19 ± 236.80,249.39 ± 535.89,48.97 ± 107.38,90.00% ± 2.9,98.67% ± 0.9,51.57 ± 91.63,161.63 ± 275.42,29.99 ± 53.46,17.33% ± 4.6,99.67% ± 0.5,531.02 ± 168.24,1061.50 ± 240.97,250.22 ± 81.13,0.33% ± 0.5,100.00% ± 0.0,718.40 ± 255.60,1311.18 ± 369.88,334.30 ± 110.92,0.00% ± 0.0,100.00% ± 0.0,686.93 ± 229.96,1267.59 ± 312.76,326.38 ± 101.11,67.67% ± 2.9,100.00% ± 0.0,335.10 ± 93.21,782.54 ± 165.35,165.23 ± 47.39,7.33% ± 0.9,99.33% ± 0.5,200.00 ± 84.53,476.53 ± 125.83,94.51 ± 25.51,1.33% ± 1.2,99.33% ± 0.9,331.47 ± 181.90,625.15 ± 226.07,127.60 ± 48.76,0.67% ± 0.5,93.33% ± 4.0,727.82 ± 229.29,1061.02 ± 248.03,229.83 ± 58.07,61.33% ± 1.2,100.00% ± 0.0,180.10 ± 34.90,487.42 ± 97.10,94.58 ± 17.08,47.00% ± 2.5,97.67% ± 1.7,203.34 ± 133.02,506.20 ± 337.39,102.71 ± 67.33,17.67% ± 3.3,99.33% ± 0.9,409.16 ± 188.83,873.88 ± 418.22,188.48 ± 86.70,10.33% ± 1.9,98.33% ± 0.9,626.53 ± 339.93,1209.25 ± 714.08,271.47 ± 154.44,61.67% ± 3.1,96.67% ± 2.4,118.67 ± 77.60,346.63 ± 242.53,66.18 ± 45.39,78.00% ± 2.8,87.00% ± 0.8,51.59 ± 23.12,133.44 ± 70.37,23.89 ± 11.97,8.67% ± 0.5,88.67% ± 3.3,130.79 ± 59.64,309.25 ± 153.60,56.62 ± 27.58,3.67% ± 0.9,88.67% ± 2.6,222.51 ± 153.24,491.98 ± 329.18,87.83 ± 60.08,21.67% ± 5.0,89.67% ± 0.5,279.47 ± 141.27,626.77 ± 280.49,133.49 ± 60.25,3.67% ± 1.7,85.33% ± 5.4,408.36 ± 194.52,788.47 ± 364.47,171.56 ± 82.51,1.00% ± 0.8,49.33% ± 4.0,677.67 ± 300.39,1101.20 ± 521.16,251.82 ± 123.85,55.67% ± 1.2,81.33% ± 2.9,142.81 ± 87.52,391.66 ± 257.13,80.61 ± 52.69,26.00% ± 3.6,100.00% ± 0.0,119.33 ± 150.98,237.51 ± 389.73,46.00 ± 74.75,0.33% ± 0.5,100.00% ± 0.0,239.67 ± 211.45,322.09 ± 261.07,68.61 ± 56.87,0.33% ± 0.5,100.00% ± 0.0,643.11 ± 231.55,761.74 ± 274.63,170.72 ± 61.45,83.00% ± 1.4,100.00% ± 0.0,79.20 ± 95.50,188.74 ± 257.98,35.27 ± 48.77,97.00% ± 0.0,69.33% ± 4.0,110.19 ± 236.80,249.39 ± 535.89,48.97 ± 107.38,58.67% ± 2.5,94.33% ± 1.2,393.08 ± 119.31,732.42 ± 212.23,186.36 ± 57.22,31.33% ± 4.0,78.00% ± 2.2,626.48 ± 260.58,1027.34 ± 422.09,282.64 ± 118.23,0.33% ± 0.5,51.00% ± 1.6,682.57 ± 370.34,1068.73 ± 563.28,301.84 ± 160.02,74.67% ± 0.5,95.33% ± 0.5,218.02 ± 83.60,464.17 ± 191.72,107.19 ± 41.94
Qwen-2.5-Instruct (3B),98.00% ± 0.0,100.00% ± 0.0,719.83 ± 221.77,1200.11 ± 363.34,279.76 ± 95.62,67.00% ± 2.2,68.33% ± 1.7,849.19 ± 243.78,1274.43 ± 486.88,262.62 ± 90.52,93.33% ± 0.5,100.00% ± 0.0,719.83 ± 221.77,1200.11 ± 363.34,279.76 ± 95.62,45.67% ± 3.9,100.00% ± 0.0,289.00 ± 83.95,697.51 ± 189.07,153.56 ± 42.26,9.00% ± 2.5,94.67% ± 1.2,455.28 ± 172.81,896.81 ± 272.90,201.08 ± 68.53,3.33% ± 1.7,75.67% ± 4.8,719.83 ± 221.77,1200.11 ± 363.34,279.76 ± 95.62,93.33% ± 0.5,100.00% ± 0.0,205.88 ± 57.61,577.72 ± 154.99,120.63 ± 31.37,85.00% ± 2.9,97.33% ± 1.7,329.99 ± 183.74,834.87 ± 419.12,168.40 ± 90.86,83.33% ± 2.6,90.00% ± 2.5,459.80 ± 284.38,1061.77 ± 754.61,215.32 ± 148.75,77.67% ± 3.1,80.33% ± 2.6,532.04 ± 294.04,1076.64 ± 786.31,228.56 ± 166.44,94.00% ± 1.6,98.67% ± 0.5,226.16 ± 128.42,630.29 ± 317.32,120.29 ± 61.84,88.00% ± 1.4,96.00% ± 0.8,322.31 ± 198.77,840.37 ± 482.59,157.13 ± 89.80,69.67% ± 5.4,82.00% ± 1.6,470.54 ± 327.20,1110.63 ± 854.92,216.97 ± 167.49,70.33% ± 2.1,82.00% ± 3.3,505.17 ± 289.10,938.08 ± 626.06,190.63 ± 127.30,92.00% ± 0.0,100.00% ± 0.0,189.05 ± 58.56,530.57 ± 166.54,98.59 ± 31.23,57.33% ± 4.9,100.00% ± 0.0,544.79 ± 88.97,1102.94 ± 133.23,267.33 ± 42.67,6.33% ± 1.2,98.33% ± 0.9,841.28 ± 157.46,1483.27 ± 205.93,396.31 ± 72.70,0.00% ± 0.0,94.00% ± 0.8,905.46 ± 165.63,1503.36 ± 186.70,430.38 ± 78.03,85.33% ± 0.9,100.00% ± 0.0,347.68 ± 38.60,821.67 ± 91.56,179.34 ± 19.13,21.33% ± 2.1,100.00% ± 0.0,255.03 ± 71.05,613.99 ± 139.98,118.77 ± 26.12,1.33% ± 0.9,98.67% ± 0.5,405.59 ± 148.51,787.12 ± 182.26,157.84 ± 39.42,2.00% ± 0.8,92.00% ± 1.6,693.70 ± 239.07,1073.83 ± 274.42,225.26 ± 59.47,87.00% ± 0.8,100.00% ± 0.0,214.21 ± 33.51,568.12 ± 100.43,107.42 ± 17.30,64.33% ± 2.1,86.00% ± 0.8,235.93 ± 54.56,588.48 ± 130.62,120.79 ± 21.49,33.00% ± 2.2,98.00% ± 1.6,424.18 ± 111.63,856.48 ± 296.60,189.28 ± 52.80,8.33% ± 0.9,97.67% ± 0.9,748.35 ± 200.98,1330.96 ± 467.01,302.51 ± 89.30,86.00% ± 0.8,97.67% ± 2.1,155.65 ± 25.17,447.12 ± 66.75,86.41 ± 10.83,94.67% ± 1.2,100.00% ± 0.0,64.00 ± 19.57,173.80 ± 46.26,31.35 ± 9.40,24.33% ± 2.1,100.00% ± 0.0,187.77 ± 42.37,450.07 ± 91.58,82.20 ± 16.26,5.00% ± 0.0,99.67% ± 0.5,331.34 ± 105.35,726.40 ± 273.30,126.92 ± 48.56,49.00% ± 2.5,99.33% ± 0.5,287.60 ± 107.13,699.10 ± 222.54,154.61 ± 48.33,7.67% ± 1.7,88.33% ± 4.1,504.87 ± 222.30,971.19 ± 327.79,222.25 ± 77.10,5.67% ± 4.1,80.33% ± 2.9,706.46 ± 215.54,1272.17 ± 378.66,298.30 ± 95.55,89.33% ± 1.2,100.00% ± 0.0,191.47 ± 56.69,542.09 ± 164.41,115.54 ± 33.67,54.33% ± 2.1,100.00% ± 0.0,339.02 ± 207.38,737.51 ± 532.19,141.38 ± 97.63,10.67% ± 7.3,100.00% ± 0.0,610.31 ± 276.90,1099.56 ± 661.90,217.25 ± 121.15,17.67% ± 4.5,99.00% ± 0.8,849.19 ± 243.78,1274.43 ± 486.88,262.62 ± 90.52,97.00% ± 0.8,100.00% ± 0.0,205.37 ± 87.03,525.79 ± 244.03,96.88 ± 46.58,96.00% ± 1.6,100.00% ± 0.0,505.17 ± 289.10,938.08 ± 626.06,190.63 ± 127.30,66.33% ± 2.9,100.00% ± 0.0,341.58 ± 99.46,604.69 ± 165.53,161.24 ± 49.35,34.33% ± 0.9,90.67% ± 0.9,625.69 ± 197.30,1028.97 ± 304.64,286.99 ± 92.39,0.00% ± 0.0,64.33% ± 1.7,718.87 ± 290.19,1170.42 ± 417.59,328.68 ± 131.91,85.33% ± 2.5,100.00% ± 0.0,207.10 ± 47.74,429.41 ± 121.20,101.11 ± 24.47
Qwen-2.5-Instruct (7B),100.00% ± 0.0,100.00% ± 0.0,786.26 ± 221.37,1425.51 ± 444.24,307.88 ± 100.85,100.00% ± 0.0,100.00% ± 0.0,634.61 ± 256.34,890.11 ± 348.28,188.79 ± 73.24,95.00% ± 1.4,100.00% ± 0.0,786.26 ± 221.37,1425.51 ± 444.24,307.88 ± 100.85,92.67% ± 0.5,100.00% ± 0.0,281.43 ± 67.87,651.46 ± 146.95,139.15 ± 31.04,40.67% ± 1.7,99.00% ± 1.4,455.83 ± 122.79,930.98 ± 233.98,200.67 ± 51.36,2.67% ± 0.9,70.67% ± 2.6,786.26 ± 221.37,1425.51 ± 444.24,307.88 ± 100.85,100.00% ± 0.0,100.00% ± 0.0,237.66 ± 67.17,610.46 ± 157.52,126.56 ± 31.89,96.33% ± 1.2,100.00% ± 0.0,169.73 ± 86.76,465.83 ± 245.56,87.73 ± 45.53,99.00% ± 0.0,100.00% ± 0.0,229.28 ± 111.99,542.92 ± 312.58,104.89 ± 61.29,96.67% ± 2.1,98.67% ± 0.5,311.63 ± 130.92,653.27 ± 307.50,129.05 ± 65.26,99.00% ± 0.8,100.00% ± 0.0,204.90 ± 62.68,564.80 ± 178.38,106.53 ± 30.60,99.33% ± 0.5,99.67% ± 0.5,224.25 ± 150.02,594.77 ± 396.96,107.73 ± 67.96,97.67% ± 0.9,99.67% ± 0.5,234.25 ± 111.69,556.17 ± 325.88,105.67 ± 58.79,96.00% ± 0.8,99.67% ± 0.5,317.59 ± 85.50,603.15 ± 143.54,119.13 ± 29.05,99.00% ± 0.8,100.00% ± 0.0,210.37 ± 61.46,579.83 ± 166.23,107.07 ± 29.71,54.33% ± 5.0,100.00% ± 0.0,534.73 ± 97.72,1036.32 ± 135.44,257.61 ± 49.06,9.33% ± 1.7,100.00% ± 0.0,813.99 ± 153.76,1410.33 ± 192.02,372.85 ± 65.41,0.00% ± 0.0,100.00% ± 0.0,668.70 ± 198.24,1209.62 ± 224.91,315.96 ± 85.92,87.33% ± 0.9,100.00% ± 0.0,318.56 ± 62.51,726.98 ± 107.59,165.11 ± 32.77,52.00% ± 0.8,100.00% ± 0.0,216.23 ± 40.26,532.10 ± 85.40,100.72 ± 17.13,4.67% ± 0.5,100.00% ± 0.0,291.73 ± 81.17,624.39 ± 108.85,121.70 ± 22.98,3.00% ± 2.2,97.33% ± 0.5,702.78 ± 230.24,1126.99 ± 257.81,232.22 ± 57.43,92.00% ± 0.8,100.00% ± 0.0,169.23 ± 16.44,450.86 ± 44.05,84.41 ± 8.29,98.67% ± 0.5,99.67% ± 0.5,262.68 ± 63.06,677.63 ± 176.85,132.34 ± 27.90,60.33% ± 6.9,99.33% ± 0.5,437.85 ± 164.08,885.45 ± 345.94,188.54 ± 66.21,21.00% ± 0.8,95.33% ± 2.4,753.58 ± 205.98,1231.80 ± 429.70,287.41 ± 86.27,99.67% ± 0.5,100.00% ± 0.0,168.70 ± 24.58,496.36 ± 70.23,94.19 ± 10.83,95.33% ± 1.2,100.00% ± 0.0,97.23 ± 58.46,265.50 ± 150.82,49.32 ± 29.50,38.67% ± 0.9,100.00% ± 0.0,161.02 ± 31.20,407.30 ± 81.94,74.69 ± 14.71,5.67% ± 0.5,100.00% ± 0.0,319.57 ± 71.69,683.86 ± 194.40,120.91 ± 33.21,93.67% ± 3.3,100.00% ± 0.0,299.43 ± 99.18,705.20 ± 238.30,151.41 ± 49.48,30.00% ± 6.4,99.33% ± 0.9,437.36 ± 112.34,892.45 ± 211.58,195.11 ± 48.57,5.67% ± 2.5,80.33% ± 0.9,739.10 ± 219.07,1335.16 ± 422.34,292.53 ± 95.93,99.33% ± 0.5,100.00% ± 0.0,258.78 ± 92.75,659.01 ± 236.95,136.65 ± 48.20,68.67% ± 1.2,100.00% ± 0.0,160.15 ± 90.32,366.54 ± 199.58,69.04 ± 37.27,12.67% ± 1.7,100.00% ± 0.0,229.44 ± 115.55,401.46 ± 177.12,80.69 ± 35.93,0.33% ± 0.5,100.00% ± 0.0,634.61 ± 256.34,890.11 ± 348.28,188.79 ± 73.24,95.33% ± 0.5,100.00% ± 0.0,114.36 ± 78.51,308.21 ± 237.85,54.93 ± 41.89,100.00% ± 0.0,100.00% ± 0.0,317.59 ± 85.50,603.15 ± 143.54,119.13 ± 29.05,68.67% ± 2.6,100.00% ± 0.0,363.24 ± 85.42,652.75 ± 164.04,170.70 ± 42.11,37.67% ± 3.3,95.67% ± 2.6,635.03 ± 133.94,1038.39 ± 181.49,283.06 ± 61.21,0.00% ± 0.0,49.33% ± 3.7,836.16 ± 243.07,1272.52 ± 314.51,358.28 ± 107.37,92.00% ± 3.3,100.00% ± 0.0,205.03 ± 36.07,400.64 ± 102.95,96.38 ± 19.66
Qwen-2.5-Instruct (14B),100.00% ± 0.0,100.00% ± 0.0,544.13 ± 185.85,978.46 ± 330.21,209.60 ± 77.26,100.00% ± 0.0,100.00% ± 0.0,686.16 ± 244.88,1013.27 ± 389.90,173.27 ± 66.51,97.67% ± 0.9,100.00% ± 0.0,544.13 ± 185.85,978.46 ± 330.21,209.60 ± 77.26,80.00% ± 4.5,100.00% ± 0.0,247.58 ± 63.16,579.07 ± 134.37,119.67 ± 30.02,59.00% ± 0.8,100.00% ± 0.0,362.64 ± 119.21,741.83 ± 231.42,153.57 ± 51.33,12.67% ± 0.5,98.00% ± 1.6,544.13 ± 185.85,978.46 ± 330.21,209.60 ± 77.26,96.33% ± 1.7,100.00% ± 0.0,169.11 ± 31.96,431.95 ± 86.30,86.02 ± 16.69,97.00% ± 0.8,100.00% ± 0.0,260.76 ± 140.32,662.04 ± 369.05,116.19 ± 62.23,91.67% ± 0.9,98.33% ± 1.2,310.27 ± 157.04,648.43 ± 364.94,117.12 ± 65.88,91.33% ± 3.3,99.33% ± 0.9,396.41 ± 118.35,694.45 ± 198.52,126.26 ± 35.86,98.00% ± 0.8,100.00% ± 0.0,206.08 ± 73.14,579.88 ± 197.97,100.90 ± 34.07,92.67% ± 2.9,100.00% ± 0.0,266.40 ± 134.56,685.92 ± 340.27,117.46 ± 58.58,90.00% ± 1.4,99.33% ± 0.5,291.83 ± 139.73,640.71 ± 368.59,111.67 ± 64.49,88.00% ± 0.8,100.00% ± 0.0,384.16 ± 98.52,696.88 ± 166.48,123.46 ± 28.90,95.33% ± 1.2,100.00% ± 0.0,229.51 ± 76.22,635.13 ± 206.61,107.23 ± 35.77,53.33% ± 2.1,100.00% ± 0.0,554.61 ± 132.88,992.74 ± 181.96,226.28 ± 52.73,3.67% ± 2.6,100.00% ± 0.0,806.22 ± 199.16,1303.34 ± 245.19,311.75 ± 73.81,0.00% ± 0.0,99.67% ± 0.5,829.32 ± 139.98,1317.73 ± 150.74,301.52 ± 49.73,61.00% ± 2.5,100.00% ± 0.0,306.81 ± 73.38,645.96 ± 130.20,135.38 ± 30.59,84.00% ± 2.5,100.00% ± 0.0,304.51 ± 43.44,665.78 ± 86.72,123.50 ± 15.92,8.67% ± 2.6,100.00% ± 0.0,387.23 ± 96.39,748.74 ± 147.04,138.27 ± 26.81,1.33% ± 1.9,100.00% ± 0.0,606.82 ± 167.97,1022.38 ± 218.99,187.70 ± 40.70,96.33% ± 0.9,100.00% ± 0.0,235.97 ± 21.53,571.98 ± 54.88,104.53 ± 10.02,97.67% ± 0.5,99.33% ± 0.5,303.54 ± 77.87,756.63 ± 177.78,142.50 ± 33.46,72.00% ± 4.3,90.67% ± 2.1,360.01 ± 181.36,781.84 ± 319.93,149.42 ± 66.58,58.33% ± 4.9,86.67% ± 4.6,461.47 ± 265.57,920.13 ± 403.57,173.90 ± 87.16,100.00% ± 0.0,100.00% ± 0.0,213.87 ± 24.97,604.46 ± 71.64,109.24 ± 12.59,38.00% ± 0.0,100.00% ± 0.0,66.71 ± 12.11,171.77 ± 28.73,27.79 ± 5.65,0.00% ± 0.0,100.00% ± 0.0,207.98 ± 23.75,441.59 ± 47.34,70.58 ± 8.23,0.00% ± 0.0,100.00% ± 0.0,375.97 ± 126.40,769.57 ± 224.90,118.67 ± 35.71,87.67% ± 0.9,100.00% ± 0.0,314.18 ± 86.05,710.68 ± 206.39,143.62 ± 42.40,53.67% ± 5.4,100.00% ± 0.0,402.52 ± 127.38,782.57 ± 235.72,156.09 ± 48.50,12.67% ± 0.9,96.67% ± 0.9,617.44 ± 168.77,1087.37 ± 284.77,216.01 ± 64.06,97.33% ± 0.5,100.00% ± 0.0,223.46 ± 43.04,567.65 ± 126.24,111.07 ± 24.83,88.67% ± 1.2,100.00% ± 0.0,268.81 ± 60.71,480.33 ± 118.70,86.38 ± 20.71,27.67% ± 2.5,100.00% ± 0.0,368.05 ± 140.25,587.03 ± 221.18,107.08 ± 39.98,1.33% ± 0.5,96.67% ± 1.7,686.16 ± 244.88,1013.27 ± 389.90,173.27 ± 66.51,99.67% ± 0.5,100.00% ± 0.0,204.49 ± 45.75,462.89 ± 121.83,81.04 ± 20.70,98.67% ± 0.5,100.00% ± 0.0,384.16 ± 98.52,696.88 ± 166.48,123.46 ± 28.90,68.33% ± 1.2,100.00% ± 0.0,439.15 ± 131.58,702.67 ± 180.19,178.99 ± 52.85,27.67% ± 2.1,91.33% ± 2.4,635.85 ± 255.75,944.59 ± 329.85,251.82 ± 96.83,0.00% ± 0.0,89.67% ± 0.5,500.25 ± 217.09,763.38 ± 290.10,202.65 ± 83.07,89.33% ± 0.5,100.00% ± 0.0,231.84 ± 42.54,430.59 ± 87.83,97.54 ± 17.86
Qwen-2.5-Instruct (32B),100.00% ± 0.0,100.00% ± 0.0,92.92 ± 0.62,282.14 ± 3.78,50.00 ± 0.45,100.00% ± 0.0,100.00% ± 0.0,94.22 ± 2.29,332.80 ± 9.92,59.37 ± 1.75,97.00% ± 0.8,100.00% ± 0.0,140.41 ± 4.43,385.57 ± 6.99,60.00 ± 1.43,93.67% ± 4.1,100.00% ± 0.0,263.04 ± 4.20,593.84 ± 6.60,130.11 ± 2.05,84.67% ± 1.2,100.00% ± 0.0,346.91 ± 7.17,685.57 ± 12.31,147.19 ± 2.97,12.67% ± 1.7,100.00% ± 0.0,481.19 ± 8.27,818.72 ± 16.67,177.16 ± 3.86,98.33% ± 0.5,100.00% ± 0.0,187.18 ± 5.20,482.61 ± 10.47,101.60 ± 2.15,100.00% ± 0.0,100.00% ± 0.0,225.12 ± 15.33,528.44 ± 35.70,99.05 ± 7.77,96.67% ± 0.9,100.00% ± 0.0,250.54 ± 12.93,493.95 ± 28.36,90.86 ± 6.16,99.67% ± 0.5,100.00% ± 0.0,352.92 ± 6.72,585.95 ± 10.31,106.19 ± 2.06,99.33% ± 0.5,100.00% ± 0.0,196.12 ± 3.98,487.57 ± 11.57,92.17 ± 1.92,97.33% ± 0.5,100.00% ± 0.0,230.31 ± 1.25,561.73 ± 3.70,100.76 ± 0.78,99.67% ± 0.5,100.00% ± 0.0,233.53 ± 1.48,467.22 ± 3.36,82.81 ± 0.60,98.00% ± 0.8,100.00% ± 0.0,325.61 ± 12.45,587.68 ± 10.87,104.12 ± 2.00,98.67% ± 0.9,100.00% ± 0.0,194.30 ± 4.71,495.94 ± 9.88,90.19 ± 2.43,83.00% ± 2.2,100.00% ± 0.0,589.94 ± 2.97,1086.84 ± 3.49,247.71 ± 0.80,27.33% ± 4.6,99.67% ± 0.5,886.57 ± 3.76,1426.86 ± 1.67,349.27 ± 0.42,0.00% ± 0.0,99.33% ± 0.5,856.99 ± 15.17,1363.51 ± 23.54,338.68 ± 7.52,96.00% ± 0.8,100.00% ± 0.0,356.92 ± 2.39,763.30 ± 4.20,162.19 ± 0.94,95.00% ± 0.8,100.00% ± 0.0,319.61 ± 3.60,705.40 ± 6.94,130.35 ± 1.66,36.67% ± 3.8,100.00% ± 0.0,454.56 ± 12.15,872.96 ± 7.33,160.58 ± 1.32,2.33% ± 1.2,100.00% ± 0.0,602.12 ± 12.81,1071.04 ± 16.72,196.75 ± 3.27,99.00% ± 0.8,100.00% ± 0.0,240.76 ± 0.62,587.22 ± 1.57,106.70 ± 0.27,100.00% ± 0.0,100.00% ± 0.0,293.56 ± 54.98,716.66 ± 137.01,141.01 ± 24.30,99.00% ± 0.8,100.00% ± 0.0,486.27 ± 107.15,943.43 ± 250.86,197.04 ± 44.91,72.67% ± 3.3,99.67% ± 0.5,739.92 ± 234.94,1277.56 ± 420.46,271.93 ± 92.52,100.00% ± 0.0,100.00% ± 0.0,193.03 ± 1.45,543.63 ± 2.40,101.64 ± 0.93,45.33% ± 1.7,100.00% ± 0.0,81.06 ± 1.58,202.80 ± 1.85,35.49 ± 0.47,0.67% ± 0.5,100.00% ± 0.0,199.22 ± 4.80,434.75 ± 9.99,73.04 ± 1.93,0.00% ± 0.0,99.67% ± 0.5,427.75 ± 3.68,869.35 ± 11.20,138.60 ± 2.15,94.00% ± 2.2,100.00% ± 0.0,348.49 ± 9.37,769.29 ± 16.64,162.49 ± 3.66,80.67% ± 1.2,100.00% ± 0.0,410.04 ± 10.37,782.69 ± 14.61,159.01 ± 2.86,20.67% ± 3.9,97.67% ± 0.5,611.68 ± 11.15,1036.62 ± 10.59,205.26 ± 2.41,100.00% ± 0.0,100.00% ± 0.0,240.53 ± 4.39,609.40 ± 12.92,124.95 ± 2.67,96.00% ± 1.6,100.00% ± 0.0,244.90 ± 11.01,442.15 ± 20.30,78.92 ± 3.40,46.33% ± 0.5,100.00% ± 0.0,267.76 ± 8.36,448.30 ± 15.72,80.90 ± 2.77,4.67% ± 1.7,100.00% ± 0.0,431.89 ± 16.68,656.85 ± 16.14,118.88 ± 2.72,100.00% ± 0.0,100.00% ± 0.0,198.52 ± 3.55,468.79 ± 3.17,82.68 ± 0.46,99.33% ± 0.9,100.00% ± 0.0,90.01 ± 1.47,243.06 ± 2.79,43.46 ± 0.62,68.00% ± 2.2,100.00% ± 0.0,395.11 ± 3.83,682.09 ± 6.14,167.40 ± 2.02,31.67% ± 2.1,93.33% ± 1.2,616.29 ± 13.74,966.59 ± 17.47,244.60 ± 3.68,0.00% ± 0.0,83.33% ± 3.3,591.63 ± 10.75,895.46 ± 16.92,233.67 ± 4.77,95.67% ± 1.2,100.00% ± 0.0,236.38 ± 4.80,468.41 ± 13.46,103.94 ± 2.42
Llama-3.2 (1B),56.00% ± 3.7,22.00% ± 2.2,55.00 ± 0.89,218.41 ± 3.82,39.19 ± 0.72,10.67% ± 3.3,17.67% ± 4.2,48.92 ± 1.82,188.22 ± 3.99,34.38 ± 1.13,26.33% ± 3.3,48.67% ± 2.6,76.78 ± 10.28,263.23 ± 56.10,37.65 ± 3.41,7.67% ± 1.7,15.67% ± 3.1,107.74 ± 102.06,301.12 ± 270.19,65.57 ± 70.09,7.67% ± 1.7,13.00% ± 3.3,197.41 ± 182.68,448.30 ± 413.58,104.23 ± 105.46,0.33% ± 0.5,10.67% ± 3.3,487.12 ± 380.85,797.79 ± 532.38,196.59 ± 134.81,19.67% ± 4.5,13.33% ± 1.2,72.11 ± 23.78,232.23 ± 68.50,48.71 ± 16.69,52.00% ± 3.3,38.33% ± 0.5,122.19 ± 166.97,384.49 ± 545.35,73.11 ± 106.82,25.33% ± 4.2,29.33% ± 4.1,352.01 ± 375.42,724.14 ± 644.08,135.85 ± 120.77,8.33% ± 1.2,7.00% ± 1.6,723.57 ± 386.74,1352.57 ± 691.26,251.36 ± 128.68,64.00% ± 4.5,46.33% ± 2.5,76.32 ± 69.94,267.57 ± 192.74,50.43 ± 39.67,21.67% ± 4.8,19.67% ± 2.1,96.21 ± 74.68,301.89 ± 276.85,56.86 ± 57.49,7.33% ± 3.3,11.00% ± 2.9,441.34 ± 413.33,867.74 ± 711.00,161.31 ± 131.38,1.00% ± 0.8,1.33% ± 0.9,835.88 ± 343.34,1532.39 ± 598.26,276.43 ± 108.26,40.00% ± 1.6,27.67% ± 2.4,69.28 ± 25.23,243.22 ± 75.64,45.18 ± 15.86,0.00% ± 0.0,99.67% ± 0.5,248.60 ± 90.41,632.87 ± 209.70,141.62 ± 44.99,0.00% ± 0.0,99.67% ± 0.5,437.49 ± 139.51,980.40 ± 274.59,228.31 ± 61.38,0.00% ± 0.0,99.33% ± 0.5,737.62 ± 174.83,1532.69 ± 321.91,364.69 ± 74.63,0.67% ± 0.5,99.67% ± 0.5,150.20 ± 57.39,428.98 ± 122.81,93.98 ± 36.53,1.00% ± 0.0,100.00% ± 0.0,138.04 ± 23.33,407.35 ± 67.77,81.28 ± 14.31,0.00% ± 0.0,79.67% ± 2.1,484.58 ± 392.53,948.57 ± 608.68,180.21 ± 113.76,0.00% ± 0.0,46.67% ± 1.7,977.60 ± 165.41,1729.36 ± 290.16,319.46 ± 53.37,1.33% ± 1.2,99.67% ± 0.5,107.43 ± 19.90,343.00 ± 59.63,68.53 ± 12.92,23.67% ± 2.6,86.33% ± 0.5,187.37 ± 140.76,562.04 ± 373.84,116.06 ± 85.78,9.33% ± 1.9,80.33% ± 6.2,441.95 ± 326.16,1047.58 ± 752.96,234.64 ± 170.21,2.33% ± 0.5,82.00% ± 1.4,707.81 ± 317.45,1650.57 ± 769.23,368.99 ± 164.95,31.00% ± 4.5,80.67% ± 1.2,102.15 ± 30.45,359.20 ± 102.37,69.28 ± 19.18,4.00% ± 0.8,31.67% ± 2.6,60.02 ± 31.19,191.73 ± 88.60,35.78 ± 17.61,0.00% ± 0.0,26.67% ± 3.1,98.81 ± 46.47,285.10 ± 104.23,52.27 ± 25.20,1.00% ± 0.8,19.67% ± 2.6,184.15 ± 102.05,473.00 ± 243.99,83.95 ± 54.66,15.67% ± 2.6,11.67% ± 2.9,113.77 ± 47.32,316.30 ± 113.10,66.17 ± 26.67,6.00% ± 2.8,6.67% ± 2.1,265.09 ± 239.74,611.89 ± 509.96,128.11 ± 111.21,2.33% ± 0.5,5.00% ± 0.8,603.09 ± 359.59,1196.73 ± 652.37,244.18 ± 131.53,21.00% ± 4.5,14.00% ± 2.2,77.29 ± 23.96,245.28 ± 71.93,51.01 ± 16.46,0.33% ± 0.5,95.33% ± 3.3,172.00 ± 200.95,418.15 ± 405.47,78.35 ± 81.67,1.33% ± 1.9,89.33% ± 0.5,852.58 ± 298.33,1508.06 ± 483.42,291.59 ± 106.17,6.67% ± 0.5,92.33% ± 1.7,996.18 ± 121.51,1817.67 ± 266.67,337.65 ± 62.42,16.00% ± 4.5,96.00% ± 0.8,67.71 ± 17.72,212.53 ± 60.01,37.90 ± 10.42,52.67% ± 4.6,43.00% ± 8.6,50.72 ± 2.20,163.48 ± 9.14,31.70 ± 1.65,1.67% ± 0.5,16.67% ± 2.1,181.99 ± 62.96,398.57 ± 136.66,96.29 ± 24.54,0.00% ± 0.0,19.33% ± 3.3,373.96 ± 157.98,765.58 ± 307.54,187.94 ± 66.35,0.00% ± 0.0,23.00% ± 6.5,671.49 ± 179.55,1318.19 ± 356.15,327.55 ± 86.52,9.67% ± 1.2,8.67% ± 2.1,90.75 ± 19.64,217.23 ± 56.90,51.82 ± 11.36
Llama-3.2 (3B),93.33% ± 0.5,99.00% ± 0.8,72.77 ± 0.84,286.93 ± 4.81,50.26 ± 0.91,65.67% ± 0.9,82.00% ± 1.6,56.16 ± 1.71,214.80 ± 7.64,38.00 ± 1.20,66.33% ± 2.6,72.00% ± 2.8,46.81 ± 2.08,134.45 ± 6.62,23.94 ± 1.17,50.00% ± 0.8,99.67% ± 0.5,107.68 ± 41.38,301.40 ± 93.12,65.05 ± 24.05,17.67% ± 2.5,97.00% ± 1.6,193.67 ± 150.56,473.46 ± 363.30,105.32 ± 87.15,3.33% ± 0.5,91.00% ± 1.4,326.13 ± 226.08,695.37 ± 471.15,158.01 ± 115.19,65.67% ± 4.2,100.00% ± 0.0,69.52 ± 16.78,226.10 ± 45.12,46.19 ± 10.95,87.33% ± 2.5,99.00% ± 0.8,129.25 ± 95.50,388.79 ± 246.64,73.71 ± 55.94,73.67% ± 1.7,85.33% ± 4.0,263.14 ± 303.07,695.37 ± 792.34,135.61 ± 167.71,46.00% ± 3.6,52.00% ± 4.1,500.23 ± 436.63,1226.29 ± 1113.83,227.50 ± 218.98,91.67% ± 1.7,98.67% ± 1.2,91.46 ± 25.20,317.06 ± 89.37,57.91 ± 16.70,78.67% ± 2.4,97.67% ± 0.9,109.71 ± 60.24,341.76 ± 237.38,62.80 ± 48.91,71.00% ± 2.2,87.00% ± 2.9,205.22 ± 227.81,557.44 ± 692.55,108.74 ± 152.93,56.00% ± 4.1,64.00% ± 2.9,342.66 ± 382.27,862.58 ± 993.37,161.08 ± 197.47,88.33% ± 1.7,99.67% ± 0.5,89.40 ± 58.35,316.90 ± 251.89,57.57 ± 48.62,13.33% ± 1.9,100.00% ± 0.0,249.57 ± 26.94,634.85 ± 57.17,144.06 ± 11.95,0.33% ± 0.5,100.00% ± 0.0,419.74 ± 60.32,974.82 ± 143.63,226.46 ± 19.87,0.00% ± 0.0,99.67% ± 0.5,767.31 ± 103.59,1613.30 ± 186.27,390.61 ± 43.76,49.00% ± 2.8,100.00% ± 0.0,162.04 ± 16.36,456.48 ± 47.70,99.36 ± 9.19,8.33% ± 1.2,98.00% ± 0.8,174.96 ± 167.96,496.37 ± 468.96,99.47 ± 102.48,0.33% ± 0.5,63.33% ± 1.7,648.76 ± 405.35,1642.72 ± 1151.14,315.25 ± 237.34,0.00% ± 0.0,35.00% ± 5.7,1022.31 ± 17.12,2120.35 ± 330.74,364.88 ± 72.61,23.00% ± 1.6,100.00% ± 0.0,124.87 ± 15.89,389.66 ± 52.35,78.48 ± 10.78,63.67% ± 2.9,84.67% ± 1.7,155.80 ± 20.85,394.68 ± 63.99,84.91 ± 13.15,38.33% ± 1.2,91.00% ± 2.2,263.29 ± 125.38,587.47 ± 391.84,134.54 ± 88.41,10.67% ± 2.6,79.00% ± 0.0,510.20 ± 344.98,1212.30 ± 1004.00,265.95 ± 206.41,79.00% ± 2.2,95.33% ± 1.7,103.46 ± 19.36,320.81 ± 72.12,63.56 ± 13.33,10.33% ± 1.2,97.00% ± 1.6,42.24 ± 12.87,137.39 ± 47.07,23.96 ± 8.41,0.67% ± 0.5,90.67% ± 1.9,86.08 ± 41.89,242.34 ± 102.41,39.92 ± 14.14,1.67% ± 0.5,82.33% ± 3.4,172.18 ± 68.99,439.43 ± 196.96,64.05 ± 29.53,55.67% ± 2.6,97.67% ± 1.7,140.29 ± 84.87,381.34 ± 225.12,81.40 ± 51.90,20.33% ± 1.2,96.00% ± 2.2,280.99 ± 155.27,668.02 ± 323.80,147.38 ± 77.15,6.00% ± 2.8,74.33% ± 4.0,567.49 ± 228.35,1285.59 ± 544.36,282.12 ± 125.68,62.00% ± 5.1,99.00% ± 0.8,83.78 ± 21.93,257.83 ± 63.89,54.16 ± 14.56,8.00% ± 2.8,80.00% ± 1.6,380.42 ± 349.12,1090.43 ± 1101.56,213.06 ± 229.98,0.00% ± 0.0,78.00% ± 2.8,855.87 ± 286.06,2398.93 ± 1107.03,480.12 ± 249.92,2.00% ± 0.8,69.67% ± 5.4,1020.37 ± 47.92,2543.20 ± 766.03,485.28 ± 182.18,47.33% ± 2.9,98.00% ± 0.8,156.10 ± 111.61,482.88 ± 377.92,89.63 ± 81.29,89.67% ± 2.6,98.33% ± 0.5,69.89 ± 4.87,234.26 ± 16.07,42.90 ± 3.06,46.00% ± 1.4,100.00% ± 0.0,171.51 ± 15.70,364.89 ± 30.90,89.15 ± 5.61,31.67% ± 5.2,99.33% ± 0.9,336.05 ± 30.24,674.68 ± 56.43,171.20 ± 9.61,7.33% ± 4.0,83.33% ± 3.9,669.05 ± 69.21,1288.74 ± 129.33,332.10 ± 25.41,85.00% ± 1.6,98.33% ± 0.9,92.36 ± 7.60,213.99 ± 18.04,50.01 ± 3.35
Llama-3.3 (70B),100.00% ± 0.0,100.00% ± 0.0,536.54 ± 157.01,1269.96 ± 376.09,278.04 ± 95.67,99.67% ± 0.5,99.67% ± 0.5,821.93 ± 199.72,2126.68 ± 745.28,426.53 ± 184.98,94.33% ± 1.2,100.00% ± 0.0,536.54 ± 157.01,1269.96 ± 376.09,278.04 ± 95.67,87.00% ± 1.6,100.00% ± 0.0,174.41 ± 39.93,422.42 ± 99.21,96.43 ± 24.89,85.67% ± 2.5,100.00% ± 0.0,326.07 ± 93.35,769.13 ± 253.82,171.37 ± 59.28,35.33% ± 3.3,100.00% ± 0.0,536.54 ± 157.01,1269.96 ± 376.09,278.04 ± 95.67,96.67% ± 1.7,99.00% ± 0.0,126.20 ± 96.05,360.92 ± 353.72,78.63 ± 76.89,98.33% ± 0.9,90.67% ± 0.9,189.80 ± 88.19,598.74 ± 289.98,112.51 ± 56.92,96.00% ± 2.2,88.67% ± 2.4,260.64 ± 176.69,766.71 ± 595.88,143.53 ± 116.00,92.00% ± 2.2,89.33% ± 2.4,330.38 ± 203.29,882.35 ± 677.69,164.56 ± 134.53,99.67% ± 0.5,94.00% ± 0.8,137.88 ± 43.06,470.97 ± 136.81,86.67 ± 27.15,97.00% ± 0.8,90.00% ± 1.4,149.21 ± 93.06,486.45 ± 331.78,87.93 ± 63.45,93.67% ± 2.5,88.33% ± 3.1,222.41 ± 146.91,672.95 ± 553.16,122.56 ± 109.21,92.67% ± 1.9,89.33% ± 1.7,312.49 ± 202.19,868.26 ± 689.71,159.53 ± 133.42,98.00% ± 1.4,94.67% ± 1.2,119.73 ± 42.54,426.16 ± 135.20,76.72 ± 26.09,89.33% ± 2.6,100.00% ± 0.0,354.02 ± 49.55,923.08 ± 129.50,209.71 ± 31.32,78.67% ± 2.5,100.00% ± 0.0,543.14 ± 93.30,1307.54 ± 217.91,308.73 ± 55.69,0.33% ± 0.5,87.33% ± 1.9,920.06 ± 95.54,2091.21 ± 195.11,507.56 ± 64.70,96.67% ± 0.5,100.00% ± 0.0,241.06 ± 22.54,688.65 ± 72.26,150.15 ± 14.14,51.67% ± 0.9,100.00% ± 0.0,296.57 ± 44.75,930.76 ± 137.37,183.95 ± 25.55,9.33% ± 2.1,99.00% ± 0.8,437.30 ± 132.38,1247.02 ± 362.81,242.98 ± 74.99,2.00% ± 0.8,89.00% ± 3.7,676.34 ± 194.74,1768.52 ± 539.69,352.04 ± 127.72,90.67% ± 0.5,99.67% ± 0.5,264.86 ± 58.99,885.98 ± 198.27,174.16 ± 41.64,97.00% ± 0.8,100.00% ± 0.0,408.72 ± 92.80,1431.22 ± 308.70,266.12 ± 55.64,92.00% ± 0.8,100.00% ± 0.0,521.65 ± 95.39,1727.22 ± 215.48,319.82 ± 42.00,76.67% ± 1.2,99.33% ± 0.9,496.33 ± 179.39,1684.25 ± 418.28,305.61 ± 79.12,100.00% ± 0.0,100.00% ± 0.0,229.57 ± 52.29,845.11 ± 208.60,159.10 ± 36.77,43.00% ± 0.8,100.00% ± 0.0,38.90 ± 6.51,132.45 ± 25.50,23.52 ± 4.50,0.33% ± 0.5,100.00% ± 0.0,96.49 ± 27.69,283.70 ± 99.43,47.74 ± 18.29,0.00% ± 0.0,100.00% ± 0.0,296.90 ± 71.43,843.63 ± 246.64,132.82 ± 39.64,89.33% ± 2.5,100.00% ± 0.0,176.70 ± 35.09,439.16 ± 95.54,95.84 ± 21.67,87.67% ± 2.9,100.00% ± 0.0,343.36 ± 87.88,830.42 ± 254.87,178.92 ± 56.55,34.67% ± 2.1,99.67% ± 0.5,581.82 ± 144.71,1428.07 ± 343.30,291.43 ± 75.68,98.67% ± 0.5,100.00% ± 0.0,113.07 ± 30.24,315.08 ± 107.68,67.39 ± 22.05,95.00% ± 0.8,99.33% ± 0.5,259.68 ± 76.73,697.14 ± 329.81,120.42 ± 62.14,63.00% ± 4.5,100.00% ± 0.0,433.51 ± 109.78,1072.87 ± 350.15,191.20 ± 66.05,9.00% ± 1.6,100.00% ± 0.0,821.93 ± 199.72,2126.68 ± 745.28,426.53 ± 184.98,98.67% ± 0.5,100.00% ± 0.0,166.07 ± 53.82,505.19 ± 169.49,87.00 ± 29.85,100.00% ± 0.0,100.00% ± 0.0,312.49 ± 202.19,868.26 ± 689.71,159.53 ± 133.42,96.67% ± 0.9,100.00% ± 0.0,250.16 ± 106.74,613.30 ± 358.07,140.44 ± 72.25,94.33% ± 1.2,97.67% ± 0.9,438.66 ± 144.06,974.66 ± 445.41,228.04 ± 91.41,69.33% ± 2.1,85.33% ± 0.9,792.63 ± 193.32,1748.48 ± 494.23,411.68 ± 104.28,100.00% ± 0.0,100.00% ± 0.0,101.94 ± 12.05,241.26 ± 26.16,57.27 ± 6.50
Phi-3.5-mini-instruct (3.8B),95.67% ± 0.9,100.00% ± 0.0,285.37 ± 158.60,510.83 ± 225.32,106.26 ± 49.61,100.00% ± 0.0,100.00% ± 0.0,972.37 ± 108.22,1182.05 ± 124.58,213.13 ± 22.15,79.00% ± 1.4,100.00% ± 0.0,285.37 ± 158.60,510.83 ± 225.32,106.26 ± 49.61,30.67% ± 2.4,100.00% ± 0.0,159.79 ± 45.11,356.71 ± 82.14,69.24 ± 15.62,1.67% ± 0.9,100.00% ± 0.0,226.16 ± 83.38,441.25 ± 129.61,88.24 ± 27.55,1.33% ± 1.2,99.67% ± 0.5,285.37 ± 158.60,510.83 ± 225.32,106.26 ± 49.61,69.67% ± 3.1,100.00% ± 0.0,99.21 ± 41.60,254.59 ± 96.34,50.45 ± 20.11,92.67% ± 0.5,97.33% ± 0.9,142.61 ± 72.67,332.54 ± 131.80,60.73 ± 24.54,90.33% ± 0.5,97.67% ± 0.5,135.61 ± 120.18,327.56 ± 203.28,59.61 ± 41.45,89.00% ± 0.8,99.67% ± 0.5,117.47 ± 125.92,311.21 ± 180.87,56.21 ± 35.38,93.00% ± 2.2,95.00% ± 2.2,135.23 ± 46.26,326.99 ± 75.48,60.43 ± 15.32,86.33% ± 2.1,100.00% ± 0.0,129.76 ± 42.17,325.84 ± 80.15,58.02 ± 14.28,83.67% ± 3.3,100.00% ± 0.0,147.55 ± 88.24,351.45 ± 140.79,62.64 ± 25.11,82.67% ± 0.9,99.67% ± 0.5,121.95 ± 128.83,313.27 ± 155.85,55.95 ± 28.15,94.33% ± 0.5,100.00% ± 0.0,116.83 ± 33.34,307.58 ± 60.83,55.58 ± 12.23,0.00% ± 0.0,100.00% ± 0.0,288.28 ± 166.44,565.56 ± 221.17,130.30 ± 67.36,0.00% ± 0.0,99.67% ± 0.5,396.87 ± 145.48,745.44 ± 221.17,172.73 ± 60.55,0.00% ± 0.0,100.00% ± 0.0,497.79 ± 112.85,852.00 ± 176.74,209.37 ± 43.50,1.67% ± 0.5,100.00% ± 0.0,177.69 ± 56.68,404.46 ± 114.31,87.13 ± 26.76,2.33% ± 0.9,100.00% ± 0.0,203.81 ± 45.02,424.17 ± 86.97,80.29 ± 17.08,3.67% ± 0.5,100.00% ± 0.0,305.28 ± 78.82,555.75 ± 104.97,106.65 ± 19.50,0.33% ± 0.5,97.00% ± 1.6,602.65 ± 229.90,851.27 ± 232.93,158.50 ± 39.24,44.67% ± 2.5,100.00% ± 0.0,157.64 ± 19.70,357.89 ± 54.46,69.93 ± 10.72,91.00% ± 0.8,99.33% ± 0.9,267.31 ± 53.69,587.49 ± 100.58,116.25 ± 17.97,63.00% ± 2.5,90.00% ± 0.8,432.40 ± 204.80,714.90 ± 187.13,154.03 ± 50.59,12.00% ± 2.2,79.00% ± 3.6,791.74 ± 248.05,1020.91 ± 262.77,238.14 ± 62.13,100.00% ± 0.0,100.00% ± 0.0,196.88 ± 34.33,516.59 ± 96.18,97.57 ± 17.75,30.33% ± 2.1,100.00% ± 0.0,56.52 ± 12.18,118.03 ± 38.46,21.17 ± 6.66,0.00% ± 0.0,99.67% ± 0.5,180.86 ± 72.87,372.73 ± 183.56,63.39 ± 31.06,0.00% ± 0.0,96.00% ± 2.2,304.77 ± 121.29,591.88 ± 221.96,101.21 ± 40.05,47.67% ± 2.6,100.00% ± 0.0,222.39 ± 44.08,438.10 ± 88.93,84.76 ± 19.35,9.67% ± 2.4,100.00% ± 0.0,321.74 ± 87.61,551.64 ± 144.48,106.40 ± 30.75,3.33% ± 0.5,98.00% ± 0.8,568.51 ± 171.75,839.28 ± 241.99,161.80 ± 52.79,78.00% ± 2.5,100.00% ± 0.0,157.32 ± 42.06,360.39 ± 98.25,71.57 ± 22.30,38.00% ± 1.6,100.00% ± 0.0,239.20 ± 93.82,339.48 ± 181.36,59.96 ± 31.88,0.00% ± 0.0,100.00% ± 0.0,503.52 ± 164.21,691.83 ± 229.21,124.11 ± 40.96,0.00% ± 0.0,100.00% ± 0.0,972.37 ± 108.22,1182.05 ± 124.58,213.13 ± 22.15,92.00% ± 0.8,100.00% ± 0.0,105.43 ± 22.64,165.92 ± 61.08,28.19 ± 10.83,91.67% ± 1.2,95.33% ± 1.7,121.95 ± 128.83,313.27 ± 155.85,55.95 ± 28.15,2.00% ± 0.8,98.00% ± 2.2,289.24 ± 173.89,454.19 ± 210.94,119.12 ± 67.95,0.33% ± 0.5,92.67% ± 0.5,370.82 ± 218.25,563.98 ± 273.04,151.92 ± 87.48,0.00% ± 0.0,98.67% ± 0.5,442.13 ± 147.77,656.44 ± 188.59,176.03 ± 57.57,35.33% ± 2.5,100.00% ± 0.0,167.43 ± 55.78,299.29 ± 76.22,69.89 ± 20.87
Phi-4-mini-instruct (3.8B),97.67% ± 0.9,100.00% ± 0.0,310.24 ± 168.59,661.72 ± 290.51,142.10 ± 68.72,98.33% ± 0.5,99.00% ± 0.8,1011.54 ± 78.99,1916.91 ± 221.14,339.17 ± 31.82,80.00% ± 3.6,100.00% ± 0.0,310.24 ± 168.59,661.72 ± 290.51,142.10 ± 68.72,77.00% ± 1.4,100.00% ± 0.0,148.66 ± 76.85,399.66 ± 179.10,84.05 ± 41.43,29.00% ± 5.7,99.67% ± 0.5,196.74 ± 110.58,483.97 ± 220.51,101.43 ± 50.32,1.67% ± 1.7,98.00% ± 0.8,310.24 ± 168.59,661.72 ± 290.51,142.10 ± 68.72,92.33% ± 1.7,100.00% ± 0.0,99.43 ± 63.32,300.10 ± 177.00,62.76 ± 39.88,91.00% ± 0.8,96.00% ± 0.0,63.12 ± 85.18,203.51 ± 266.58,37.38 ± 50.98,87.67% ± 1.7,100.00% ± 0.0,107.49 ± 156.40,320.48 ± 472.07,59.33 ± 89.66,66.67% ± 2.9,96.00% ± 0.8,148.25 ± 198.05,387.79 ± 507.54,71.65 ± 99.69,98.33% ± 0.5,86.00% ± 1.4,52.90 ± 47.80,171.81 ± 169.21,31.10 ± 32.45,87.67% ± 1.7,100.00% ± 0.0,80.41 ± 58.32,251.79 ± 185.28,45.28 ± 34.90,81.33% ± 0.9,98.33% ± 0.5,137.78 ± 144.80,390.72 ± 400.97,71.07 ± 76.91,67.33% ± 3.8,96.67% ± 1.7,225.67 ± 179.73,574.52 ± 527.91,105.42 ± 101.30,96.00% ± 0.8,97.67% ± 0.5,60.71 ± 37.86,203.29 ± 139.76,35.81 ± 25.55,59.00% ± 2.9,100.00% ± 0.0,403.74 ± 154.54,996.99 ± 308.20,231.91 ± 92.50,21.00% ± 3.3,97.33% ± 1.2,701.18 ± 243.93,1573.09 ± 445.62,413.54 ± 158.88,0.00% ± 0.0,93.00% ± 2.2,830.32 ± 243.23,1833.64 ± 446.53,498.55 ± 147.80,48.33% ± 9.3,99.33% ± 0.5,219.04 ± 132.36,596.73 ± 288.88,131.08 ± 81.74,34.67% ± 2.9,100.00% ± 0.0,177.79 ± 68.23,527.96 ± 180.42,103.69 ± 32.96,6.00% ± 0.8,80.33% ± 3.9,476.95 ± 336.54,1075.68 ± 556.93,199.25 ± 96.82,0.00% ± 0.0,38.33% ± 3.1,983.28 ± 143.64,1920.97 ± 295.57,339.56 ± 44.29,62.00% ± 2.2,100.00% ± 0.0,120.69 ± 21.55,371.88 ± 78.26,73.80 ± 15.31,97.33% ± 1.2,99.67% ± 0.5,225.12 ± 39.17,604.11 ± 117.57,124.85 ± 23.24,78.00% ± 1.6,100.00% ± 0.0,384.20 ± 126.22,856.10 ± 224.21,188.73 ± 57.73,50.33% ± 2.9,97.33% ± 0.9,627.52 ± 204.40,1255.36 ± 391.94,288.39 ± 95.27,100.00% ± 0.0,100.00% ± 0.0,142.70 ± 24.64,458.92 ± 84.79,88.66 ± 15.09,28.67% ± 0.9,100.00% ± 0.0,44.71 ± 16.74,153.38 ± 55.08,26.77 ± 10.04,0.33% ± 0.5,100.00% ± 0.0,123.02 ± 31.05,396.04 ± 113.69,68.33 ± 19.25,1.00% ± 0.0,99.67% ± 0.5,265.95 ± 91.16,794.76 ± 290.73,126.58 ± 49.87,92.67% ± 1.2,100.00% ± 0.0,214.04 ± 55.32,578.74 ± 136.11,118.16 ± 32.06,56.33% ± 0.5,99.67% ± 0.5,303.63 ± 101.40,758.68 ± 214.80,151.18 ± 47.04,7.67% ± 1.7,98.33% ± 1.2,471.02 ± 174.99,1084.61 ± 366.53,212.91 ± 77.27,88.00% ± 1.4,100.00% ± 0.0,155.12 ± 58.99,458.75 ± 164.34,96.70 ± 36.80,39.00% ± 2.8,100.00% ± 0.0,141.31 ± 106.71,348.30 ± 235.51,61.21 ± 39.71,4.67% ± 0.5,100.00% ± 0.0,632.46 ± 404.33,1202.07 ± 688.38,218.33 ± 124.87,6.67% ± 1.7,100.00% ± 0.0,1011.54 ± 78.99,1916.91 ± 221.14,339.17 ± 31.82,94.33% ± 0.5,100.00% ± 0.0,68.93 ± 38.26,181.95 ± 120.60,31.49 ± 22.14,95.33% ± 1.9,99.00% ± 0.0,225.67 ± 179.73,574.52 ± 527.91,105.42 ± 101.30,33.00% ± 4.5,98.33% ± 0.9,276.79 ± 143.71,674.90 ± 283.42,164.45 ± 87.92,21.67% ± 6.3,83.00% ± 2.5,514.08 ± 270.21,1147.18 ± 515.61,304.28 ± 171.33,2.00% ± 0.8,74.00% ± 2.9,640.43 ± 290.42,1403.08 ± 556.92,367.24 ± 170.11,41.33% ± 3.9,100.00% ± 0.0,129.56 ± 59.19,349.12 ± 159.29,79.89 ± 36.77
Mistral-v0.3 (7B),79.00% ± 1.6,100.00% ± 0.0,99.97 ± 6.05,316.24 ± 22.91,55.15 ± 3.98,69.00% ± 1.4,100.00% ± 0.0,10.92 ± 0.54,27.61 ± 1.93,3.78 ± 0.36,46.67% ± 1.2,98.67% ± 0.5,100.86 ± 3.25,238.32 ± 7.23,36.40 ± 1.16,10.00% ± 1.6,99.67% ± 0.5,254.62 ± 136.25,650.88 ± 375.51,131.68 ± 80.02,2.67% ± 2.5,99.00% ± 0.8,336.47 ± 165.71,771.00 ± 420.74,154.35 ± 90.67,1.33% ± 1.2,97.00% ± 0.0,426.71 ± 206.29,828.04 ± 406.43,169.31 ± 88.67,19.33% ± 4.2,100.00% ± 0.0,190.92 ± 81.67,520.81 ± 233.45,106.01 ± 49.14,79.67% ± 0.5,88.33% ± 4.5,276.60 ± 131.17,712.23 ± 335.23,128.07 ± 62.45,72.00% ± 0.0,81.00% ± 3.7,288.52 ± 96.71,618.28 ± 242.52,108.81 ± 43.00,69.00% ± 0.8,83.33% ± 1.2,435.18 ± 59.27,771.00 ± 132.34,136.56 ± 23.66,77.33% ± 4.5,97.67% ± 0.9,205.67 ± 107.37,536.08 ± 276.14,101.37 ± 51.74,67.67% ± 2.4,93.00% ± 0.8,241.01 ± 122.88,620.58 ± 346.57,110.73 ± 62.82,58.33% ± 2.1,90.33% ± 2.6,277.21 ± 94.14,606.25 ± 246.59,107.15 ± 42.96,56.67% ± 2.5,84.33% ± 4.6,429.82 ± 99.96,766.40 ± 203.99,135.69 ± 34.51,68.00% ± 3.6,98.67% ± 1.2,168.16 ± 101.48,442.89 ± 276.85,82.34 ± 51.49,0.00% ± 0.0,98.33% ± 0.9,206.66 ± 29.97,450.79 ± 70.70,96.42 ± 14.86,0.00% ± 0.0,98.33% ± 0.5,322.93 ± 79.14,621.92 ± 126.52,140.70 ± 32.66,0.00% ± 0.0,99.67% ± 0.5,478.73 ± 78.94,831.32 ± 118.72,198.86 ± 28.71,0.00% ± 0.0,98.00% ± 0.8,155.30 ± 27.73,372.70 ± 71.87,77.97 ± 14.71,2.33% ± 1.7,100.00% ± 0.0,211.20 ± 37.36,485.83 ± 118.90,93.40 ± 23.78,0.67% ± 0.5,99.67% ± 0.5,290.41 ± 58.78,594.26 ± 150.60,113.31 ± 29.89,0.00% ± 0.0,100.00% ± 0.0,435.63 ± 74.30,749.49 ± 154.41,142.90 ± 31.42,7.33% ± 1.7,100.00% ± 0.0,174.69 ± 31.12,439.79 ± 100.37,84.09 ± 18.96,60.33% ± 3.9,99.33% ± 0.5,228.35 ± 87.80,540.89 ± 227.06,101.14 ± 40.91,29.00% ± 0.8,98.67% ± 0.9,428.63 ± 101.02,931.07 ± 267.96,175.04 ± 47.91,14.00% ± 1.4,98.33% ± 1.7,688.99 ± 167.55,1316.72 ± 411.72,252.15 ± 84.72,93.00% ± 1.6,100.00% ± 0.0,93.37 ± 62.77,266.82 ± 164.19,48.32 ± 30.00,4.67% ± 0.5,100.00% ± 0.0,61.85 ± 35.60,155.26 ± 102.89,26.79 ± 18.89,0.00% ± 0.0,99.00% ± 0.8,206.03 ± 77.14,449.79 ± 154.01,76.06 ± 26.23,0.33% ± 0.5,93.33% ± 1.7,362.35 ± 158.45,731.08 ± 251.70,127.40 ± 48.27,8.67% ± 2.1,99.67% ± 0.5,276.10 ± 135.75,669.99 ± 344.16,135.14 ± 75.87,7.67% ± 1.7,97.33% ± 0.9,379.56 ± 179.85,838.94 ± 435.16,164.12 ± 95.27,2.00% ± 1.4,89.67% ± 1.2,518.14 ± 218.00,1010.61 ± 497.57,198.91 ± 114.35,15.67% ± 0.5,100.00% ± 0.0,224.27 ± 90.10,611.40 ± 255.85,124.82 ± 53.82,25.33% ± 1.7,100.00% ± 0.0,142.24 ± 146.31,226.92 ± 243.57,38.85 ± 41.56,0.33% ± 0.5,98.33% ± 0.5,301.43 ± 204.24,465.50 ± 389.20,83.13 ± 70.56,2.00% ± 0.8,96.00% ± 2.9,539.98 ± 252.77,767.28 ± 419.75,140.30 ± 76.39,88.00% ± 0.8,100.00% ± 0.0,77.72 ± 77.62,146.97 ± 183.79,25.33 ± 34.16,45.00% ± 0.8,96.33% ± 0.5,126.53 ± 1.84,333.36 ± 1.43,59.87 ± 0.36,4.67% ± 0.9,99.33% ± 0.5,277.49 ± 119.22,469.19 ± 198.05,108.25 ± 46.60,0.00% ± 0.0,95.00% ± 0.8,430.34 ± 224.97,673.61 ± 312.32,158.81 ± 80.52,0.00% ± 0.0,87.33% ± 3.7,548.43 ± 260.07,827.63 ± 338.21,191.21 ± 91.00,10.00% ± 2.8,99.67% ± 0.5,163.94 ± 72.89,311.16 ± 146.65,65.60 ± 31.01
Mistral-Nemo (12B) ,81.67% ± 6.2,100.00% ± 0.0,133.08 ± 2.72,440.63 ± 4.19,76.12 ± 0.37,5.00% ± 4.1,5.00% ± 4.1,111.37 ± 7.83,403.82 ± 28.34,69.57 ± 5.42,61.67% ± 10.3,96.67% ± 2.4,182.15 ± 32.55,457.50 ± 47.09,73.38 ± 8.03,50.00% ± 0.0,100.00% ± 0.0,338.87 ± 121.35,954.38 ± 365.11,200.93 ± 79.22,26.67% ± 2.4,98.33% ± 2.4,503.53 ± 224.51,1313.37 ± 655.81,287.87 ± 144.91,0.00% ± 0.0,83.33% ± 2.4,668.22 ± 228.21,1506.37 ± 724.81,337.18 ± 163.87,68.33% ± 6.2,100.00% ± 0.0,236.08 ± 74.72,727.30 ± 227.18,149.98 ± 48.72,66.67% ± 16.5,88.33% ± 13.1,375.13 ± 223.15,1050.93 ± 558.35,197.62 ± 110.09,51.67% ± 2.4,78.33% ± 4.7,507.25 ± 318.98,1351.03 ± 945.16,252.67 ± 180.38,58.33% ± 2.4,66.67% ± 9.4,510.63 ± 317.79,1149.45 ± 796.48,215.50 ± 156.23,90.00% ± 0.0,100.00% ± 0.0,288.78 ± 74.51,873.18 ± 206.29,164.23 ± 40.36,55.00% ± 4.1,98.33% ± 2.4,349.02 ± 187.45,1044.30 ± 557.51,192.85 ± 104.93,60.00% ± 8.2,85.00% ± 7.1,387.85 ± 272.93,1057.32 ± 766.05,191.08 ± 140.89,53.33% ± 4.7,75.00% ± 8.2,438.08 ± 342.94,1164.43 ± 906.02,212.33 ± 169.27,68.33% ± 4.7,98.33% ± 2.4,314.42 ± 146.30,939.33 ± 373.26,172.62 ± 74.10,1.67% ± 2.4,100.00% ± 0.0,422.07 ± 251.93,762.93 ± 295.84,184.95 ± 97.77,0.00% ± 0.0,100.00% ± 0.0,434.25 ± 172.73,796.55 ± 233.11,191.27 ± 72.62,0.00% ± 0.0,96.67% ± 2.4,597.43 ± 202.04,1032.75 ± 315.43,261.38 ± 92.34,3.33% ± 2.4,100.00% ± 0.0,260.50 ± 157.51,560.57 ± 229.40,121.75 ± 64.16,16.67% ± 6.2,100.00% ± 0.0,206.90 ± 24.33,472.32 ± 60.76,87.18 ± 11.20,5.00% ± 7.1,100.00% ± 0.0,304.32 ± 99.17,579.10 ± 126.44,106.40 ± 22.84,0.00% ± 0.0,86.67% ± 8.5,526.10 ± 214.03,836.18 ± 333.21,179.57 ± 166.66,63.33% ± 4.7,100.00% ± 0.0,178.20 ± 21.68,456.08 ± 76.62,82.72 ± 14.61,88.33% ± 2.4,100.00% ± 0.0,256.78 ± 55.27,744.78 ± 190.03,142.17 ± 32.01,78.33% ± 6.2,98.33% ± 2.4,403.78 ± 101.24,960.17 ± 289.27,188.10 ± 55.52,40.00% ± 4.1,98.33% ± 2.4,635.03 ± 180.94,1372.97 ± 496.93,278.03 ± 104.30,100.00% ± 0.0,100.00% ± 0.0,170.77 ± 37.83,549.77 ± 135.37,101.75 ± 23.02,3.33% ± 2.4,98.33% ± 2.4,118.22 ± 135.52,325.47 ± 290.28,60.28 ± 65.17,0.00% ± 0.0,100.00% ± 0.0,207.63 ± 45.95,514.47 ± 129.82,86.67 ± 23.82,0.00% ± 0.0,88.33% ± 2.4,456.52 ± 168.00,955.93 ± 335.92,148.55 ± 58.61,48.33% ± 10.3,100.00% ± 0.0,423.12 ± 137.26,1184.40 ± 380.52,247.28 ± 82.49,20.00% ± 10.8,93.33% ± 2.4,625.87 ± 226.00,1593.58 ± 718.90,337.28 ± 147.65,3.33% ± 2.4,56.67% ± 11.8,800.83 ± 254.31,1883.90 ± 808.44,402.87 ± 178.94,63.33% ± 2.4,100.00% ± 0.0,278.12 ± 75.35,841.35 ± 214.45,170.70 ± 43.28,53.33% ± 6.2,96.67% ± 2.4,790.13 ± 280.69,1632.47 ± 592.40,305.38 ± 121.48,25.00% ± 7.1,95.00% ± 4.1,826.18 ± 249.08,1612.90 ± 544.37,296.42 ± 106.19,26.67% ± 8.5,91.67% ± 2.4,955.23 ± 159.87,1729.72 ± 465.34,313.42 ± 93.35,73.33% ± 9.4,96.67% ± 4.7,652.17 ± 291.04,1487.28 ± 612.80,271.45 ± 117.73,56.67% ± 4.7,100.00% ± 0.0,156.72 ± 13.51,446.12 ± 47.05,85.60 ± 9.39,11.67% ± 4.7,78.33% ± 4.7,494.78 ± 297.09,817.27 ± 449.14,211.32 ± 120.35,1.67% ± 2.4,76.67% ± 8.5,577.55 ± 298.61,933.63 ± 416.27,242.45 ± 125.14,0.00% ± 0.0,66.67% ± 8.5,736.05 ± 253.66,1118.97 ± 335.04,295.50 ± 99.80,26.67% ± 8.5,96.67% ± 2.4,249.53 ± 159.30,475.82 ± 205.21,114.22 ± 66.58
Gemma3-it (1B),90.67% ± 2.6,69.00% ± 3.7,705.53 ± 258.58,983.52 ± 339.79,214.34 ± 79.59,0.00% ± 0.0,0.00% ± 0.0,899.30 ± 248.57,1093.32 ± 302.32,183.01 ± 49.89,40.33% ± 1.9,82.00% ± 2.2,705.53 ± 258.58,983.52 ± 339.79,214.34 ± 79.59,7.00% ± 2.5,38.67% ± 3.8,286.35 ± 92.78,590.94 ± 197.38,132.86 ± 46.55,5.67% ± 0.5,65.33% ± 3.8,483.25 ± 214.52,817.42 ± 329.12,181.82 ± 77.31,4.00% ± 0.8,68.00% ± 3.7,705.53 ± 258.58,983.52 ± 339.79,214.34 ± 79.59,26.33% ± 3.1,9.00% ± 2.2,155.44 ± 104.01,367.04 ± 223.00,81.11 ± 50.03,70.33% ± 2.6,85.67% ± 0.5,256.07 ± 126.61,479.89 ± 350.07,91.33 ± 66.80,63.33% ± 1.2,92.00% ± 2.8,364.38 ± 136.16,595.75 ± 297.88,110.45 ± 52.98,45.67% ± 3.4,81.67% ± 2.9,475.61 ± 213.75,663.52 ± 307.95,119.78 ± 57.09,72.67% ± 0.5,90.00% ± 2.9,171.94 ± 95.67,371.74 ± 282.66,70.58 ± 54.08,47.67% ± 0.5,97.33% ± 0.9,277.32 ± 71.59,499.72 ± 142.38,94.28 ± 26.09,42.00% ± 3.7,97.67% ± 2.1,420.70 ± 139.08,632.19 ± 164.91,117.53 ± 30.50,31.00% ± 1.6,63.00% ± 4.3,792.18 ± 211.52,1021.66 ± 235.29,185.85 ± 41.16,60.67% ± 1.2,93.67% ± 0.5,193.62 ± 45.00,426.70 ± 128.26,80.84 ± 24.26,0.00% ± 0.0,92.67% ± 1.9,1008.72 ± 67.31,1420.04 ± 113.77,394.15 ± 29.89,0.00% ± 0.0,91.67% ± 1.2,1022.76 ± 14.46,1366.03 ± 46.91,387.15 ± 12.34,0.00% ± 0.0,94.00% ± 0.8,1021.34 ± 26.62,1336.01 ± 46.18,358.38 ± 15.64,10.67% ± 0.5,98.33% ± 0.5,895.21 ± 217.81,1417.31 ± 333.77,356.58 ± 83.83,1.67% ± 0.5,100.00% ± 0.0,443.89 ± 286.79,921.71 ± 599.09,171.58 ± 113.03,0.00% ± 0.0,99.67% ± 0.5,577.27 ± 241.24,1064.62 ± 485.67,197.56 ± 90.80,0.00% ± 0.0,99.67% ± 0.5,809.98 ± 207.89,1231.83 ± 334.52,227.02 ± 62.75,3.67% ± 0.9,100.00% ± 0.0,437.66 ± 339.38,1049.61 ± 799.05,195.62 ± 149.60,2.33% ± 0.9,100.00% ± 0.0,426.62 ± 128.87,664.80 ± 259.89,140.52 ± 51.46,3.00% ± 1.4,100.00% ± 0.0,779.13 ± 160.92,1094.88 ± 279.45,240.56 ± 50.73,0.00% ± 0.0,100.00% ± 0.0,1018.33 ± 29.21,1235.47 ± 63.03,292.89 ± 23.93,14.33% ± 2.5,100.00% ± 0.0,219.75 ± 49.03,419.05 ± 112.63,84.31 ± 22.43,77.00% ± 2.5,88.67% ± 1.7,387.29 ± 232.36,699.95 ± 388.02,146.63 ± 85.14,1.33% ± 1.2,40.33% ± 3.8,837.22 ± 273.37,1318.59 ± 401.07,252.83 ± 80.59,0.00% ± 0.0,28.33% ± 1.9,929.99 ± 207.97,1537.38 ± 388.38,275.00 ± 71.67,6.67% ± 1.2,10.00% ± 2.2,206.34 ± 105.34,372.34 ± 173.86,73.89 ± 37.09,5.33% ± 1.7,19.00% ± 3.6,342.26 ± 135.24,514.69 ± 180.22,97.43 ± 35.65,5.00% ± 1.4,69.33% ± 1.2,764.03 ± 248.34,993.22 ± 284.07,182.94 ± 53.52,26.00% ± 1.6,2.00% ± 0.0,66.32 ± 67.64,159.32 ± 121.79,31.94 ± 24.30,1.67% ± 1.2,100.00% ± 0.0,146.81 ± 31.50,214.44 ± 51.79,36.69 ± 8.40,0.00% ± 0.0,100.00% ± 0.0,215.48 ± 143.21,279.82 ± 176.92,48.21 ± 30.66,1.67% ± 0.9,100.00% ± 0.0,899.30 ± 248.57,1093.32 ± 302.32,183.01 ± 49.89,9.33% ± 1.9,100.00% ± 0.0,87.61 ± 18.92,149.40 ± 38.95,25.11 ± 6.17,41.33% ± 1.7,14.67% ± 3.1,792.18 ± 211.52,1021.66 ± 235.29,185.85 ± 41.16,5.00% ± 2.2,11.67% ± 1.2,833.94 ± 246.62,1089.64 ± 298.69,326.03 ± 98.21,0.00% ± 0.0,3.67% ± 1.2,981.48 ± 128.83,1255.79 ± 154.70,375.38 ± 54.92,0.00% ± 0.0,0.67% ± 0.5,1021.36 ± 32.23,1310.26 ± 52.86,379.04 ± 30.10,35.67% ± 6.6,62.00% ± 3.7,372.26 ± 200.45,573.13 ± 271.61,148.66 ± 78.75
Gemma3-it (4B),100.00% ± 0.0,100.00% ± 0.0,803.02 ± 169.79,1190.72 ± 252.03,278.08 ± 74.90,88.67% ± 1.2,100.00% ± 0.0,830.94 ± 184.85,1003.86 ± 242.18,175.05 ± 38.06,63.67% ± 2.1,97.00% ± 0.8,803.02 ± 169.79,1190.72 ± 252.03,278.08 ± 74.90,95.67% ± 0.5,100.00% ± 0.0,326.33 ± 92.62,671.11 ± 179.94,152.98 ± 43.37,50.33% ± 1.2,98.67% ± 1.2,489.24 ± 156.62,826.86 ± 253.50,189.16 ± 63.47,4.67% ± 0.9,79.33% ± 3.9,803.02 ± 169.79,1190.72 ± 252.03,278.08 ± 74.90,99.67% ± 0.5,100.00% ± 0.0,240.98 ± 49.61,558.32 ± 107.66,127.66 ± 25.84,100.00% ± 0.0,99.67% ± 0.5,362.63 ± 163.96,724.40 ± 343.28,133.70 ± 66.06,92.67% ± 0.5,94.00% ± 2.2,606.45 ± 190.52,1027.67 ± 316.82,195.51 ± 64.80,75.00% ± 0.8,76.33% ± 1.2,673.88 ± 259.65,932.16 ± 405.33,185.83 ± 95.26,100.00% ± 0.0,100.00% ± 0.0,231.96 ± 105.78,528.90 ± 243.14,97.94 ± 47.53,92.67% ± 1.2,97.67% ± 0.9,406.56 ± 197.09,765.56 ± 371.02,142.14 ± 70.67,72.67% ± 1.9,80.67% ± 2.5,643.30 ± 230.88,1068.35 ± 378.60,194.10 ± 69.87,73.67% ± 0.9,86.67% ± 2.5,688.36 ± 189.09,920.28 ± 332.62,168.85 ± 63.23,95.33% ± 1.2,99.67% ± 0.5,199.98 ± 125.45,435.16 ± 259.83,80.72 ± 51.45,1.33% ± 0.9,91.33% ± 3.3,1023.84 ± 2.49,1403.96 ± 64.15,395.77 ± 14.23,0.00% ± 0.0,93.67% ± 2.6,1023.93 ± 1.27,1380.10 ± 46.36,379.21 ± 20.48,0.00% ± 0.0,95.67% ± 0.5,1024.00 ± 0.00,1352.91 ± 40.60,357.47 ± 23.57,72.67% ± 2.1,98.33% ± 1.2,840.76 ± 158.13,1266.59 ± 205.83,321.66 ± 60.91,15.00% ± 0.8,100.00% ± 0.0,369.62 ± 223.28,759.83 ± 367.43,140.59 ± 68.14,1.67% ± 0.5,98.00% ± 0.8,649.32 ± 241.76,1075.64 ± 320.17,195.84 ± 58.12,0.00% ± 0.0,90.67% ± 0.9,915.09 ± 130.67,1268.42 ± 141.52,227.68 ± 26.31,52.67% ± 1.7,100.00% ± 0.0,248.40 ± 115.42,590.23 ± 234.39,109.70 ± 43.09,89.00% ± 1.4,100.00% ± 0.0,245.23 ± 100.15,454.88 ± 195.15,96.88 ± 39.82,75.33% ± 0.9,99.33% ± 0.5,412.90 ± 142.42,646.66 ± 277.55,147.65 ± 55.74,39.33% ± 2.6,94.00% ± 1.4,679.56 ± 159.17,914.67 ± 275.27,215.96 ± 56.22,98.00% ± 0.0,100.00% ± 0.0,173.31 ± 32.26,428.66 ± 80.41,81.34 ± 14.61,92.67% ± 2.1,99.00% ± 0.8,368.14 ± 201.06,598.25 ± 326.22,135.54 ± 75.17,4.33% ± 1.2,21.00% ± 2.9,919.31 ± 267.08,1229.22 ± 360.49,267.42 ± 83.16,0.67% ± 0.5,13.00% ± 2.2,1001.00 ± 79.83,1314.05 ± 124.32,278.68 ± 44.78,79.00% ± 1.4,99.67% ± 0.5,381.76 ± 195.09,709.25 ± 351.26,152.14 ± 80.06,38.67% ± 0.5,98.00% ± 1.4,474.75 ± 143.36,753.62 ± 200.98,154.35 ± 47.81,9.67% ± 2.4,76.33% ± 4.5,878.80 ± 115.10,1258.91 ± 149.10,264.82 ± 48.51,97.33% ± 0.9,100.00% ± 0.0,282.80 ± 85.15,623.18 ± 177.85,136.00 ± 40.67,43.00% ± 0.8,100.00% ± 0.0,177.45 ± 85.50,233.81 ± 104.38,40.58 ± 17.22,2.67% ± 1.2,100.00% ± 0.0,463.48 ± 260.99,571.35 ± 323.73,98.78 ± 51.85,0.00% ± 0.0,100.00% ± 0.0,830.94 ± 184.85,1003.86 ± 242.18,175.05 ± 38.06,95.33% ± 0.5,100.00% ± 0.0,83.74 ± 5.56,102.53 ± 19.46,17.50 ± 2.91,96.33% ± 0.9,100.00% ± 0.0,688.36 ± 189.09,920.28 ± 332.62,168.85 ± 63.23,53.33% ± 0.5,33.67% ± 1.7,941.64 ± 140.48,1261.70 ± 176.31,352.76 ± 61.47,36.67% ± 1.7,20.00% ± 1.6,998.22 ± 84.32,1290.92 ± 114.85,359.40 ± 39.25,2.00% ± 0.8,12.33% ± 1.2,1019.82 ± 14.18,1308.08 ± 68.39,362.01 ± 36.98,92.33% ± 0.5,91.67% ± 1.2,537.58 ± 206.27,757.46 ± 267.51,203.47 ± 78.97
Gemma3-it (12B),100.00% ± 0.0,100.00% ± 0.0,678.28 ± 133.71,943.91 ± 214.97,216.90 ± 52.41,100.00% ± 0.0,100.00% ± 0.0,646.52 ± 62.04,761.03 ± 72.36,138.03 ± 14.11,76.33% ± 4.1,99.33% ± 0.5,678.28 ± 133.71,943.91 ± 214.97,216.90 ± 52.41,99.67% ± 0.5,100.00% ± 0.0,286.72 ± 105.90,589.38 ± 209.74,134.25 ± 51.61,91.33% ± 1.2,100.00% ± 0.0,429.51 ± 153.60,708.09 ± 250.52,163.99 ± 69.01,53.67% ± 3.7,95.67% ± 3.3,678.28 ± 133.71,943.91 ± 214.97,216.90 ± 52.41,100.00% ± 0.0,100.00% ± 0.0,240.06 ± 76.32,580.76 ± 175.01,128.51 ± 40.72,100.00% ± 0.0,100.00% ± 0.0,486.45 ± 118.84,973.88 ± 272.04,194.70 ± 50.90,90.67% ± 3.7,88.00% ± 0.8,811.42 ± 141.40,1421.43 ± 305.85,298.15 ± 56.54,33.33% ± 2.9,17.33% ± 4.5,940.83 ± 207.01,1435.82 ± 362.87,306.51 ± 85.56,100.00% ± 0.0,100.00% ± 0.0,248.23 ± 98.68,530.05 ± 194.96,102.27 ± 40.32,99.33% ± 0.5,99.67% ± 0.5,408.56 ± 128.40,834.49 ± 286.92,156.80 ± 56.90,83.00% ± 3.7,81.33% ± 1.9,763.15 ± 213.11,1416.95 ± 465.74,279.09 ± 93.75,33.00% ± 3.7,17.00% ± 4.1,972.68 ± 138.74,1569.32 ± 311.17,315.52 ± 69.87,99.33% ± 0.5,100.00% ± 0.0,227.14 ± 70.11,512.58 ± 146.25,93.98 ± 27.55,28.33% ± 2.9,98.33% ± 0.9,949.90 ± 126.29,1378.35 ± 140.29,359.55 ± 49.20,0.00% ± 0.0,97.33% ± 0.5,1020.37 ± 21.69,1419.31 ± 64.15,376.69 ± 26.64,0.00% ± 0.0,90.67% ± 0.9,1022.89 ± 12.79,1356.69 ± 42.39,364.28 ± 25.31,93.67% ± 2.5,99.33% ± 0.5,636.91 ± 160.53,1038.95 ± 211.31,251.78 ± 62.25,58.67% ± 1.2,100.00% ± 0.0,249.71 ± 103.68,552.73 ± 164.10,107.23 ± 32.66,17.00% ± 1.4,100.00% ± 0.0,451.54 ± 228.83,805.01 ± 304.79,155.60 ± 61.04,0.33% ± 0.5,98.33% ± 0.5,722.92 ± 210.12,1073.00 ± 243.81,202.75 ± 45.76,89.67% ± 1.2,100.00% ± 0.0,193.30 ± 42.91,486.82 ± 81.94,95.25 ± 16.40,98.00% ± 0.8,100.00% ± 0.0,291.68 ± 63.31,562.70 ± 126.17,114.99 ± 26.82,95.00% ± 2.2,100.00% ± 0.0,431.40 ± 100.58,644.55 ± 164.38,136.56 ± 33.22,68.67% ± 2.9,100.00% ± 0.0,762.15 ± 205.46,1054.58 ± 365.89,223.34 ± 69.25,100.00% ± 0.0,100.00% ± 0.0,202.77 ± 19.73,511.17 ± 60.32,97.77 ± 11.83,94.33% ± 0.9,99.00% ± 0.8,325.46 ± 187.72,560.05 ± 278.60,120.73 ± 66.03,32.00% ± 0.8,41.00% ± 1.4,923.62 ± 156.65,1392.63 ± 219.32,263.07 ± 51.57,0.00% ± 0.0,0.67% ± 0.9,1023.54 ± 6.34,1507.45 ± 134.41,285.09 ± 45.06,99.67% ± 0.5,100.00% ± 0.0,307.94 ± 114.12,592.48 ± 216.35,125.90 ± 49.20,85.33% ± 0.5,100.00% ± 0.0,472.01 ± 144.38,760.32 ± 231.95,161.15 ± 60.41,42.00% ± 3.7,94.67% ± 0.5,759.18 ± 135.70,1021.66 ± 196.66,210.88 ± 48.10,99.67% ± 0.5,100.00% ± 0.0,297.17 ± 105.38,681.10 ± 232.18,144.32 ± 49.68,76.33% ± 0.9,100.00% ± 0.0,175.87 ± 31.23,235.53 ± 51.34,40.65 ± 9.19,32.67% ± 0.5,100.00% ± 0.0,348.47 ± 97.54,439.26 ± 143.36,78.31 ± 25.49,11.67% ± 0.5,100.00% ± 0.0,646.52 ± 62.04,761.03 ± 72.36,138.03 ± 14.11,99.67% ± 0.5,100.00% ± 0.0,107.81 ± 60.83,168.58 ± 144.06,28.17 ± 24.18,100.00% ± 0.0,98.33% ± 1.2,972.68 ± 138.74,1569.32 ± 311.17,315.52 ± 69.87,58.67% ± 3.9,68.33% ± 3.7,797.36 ± 221.18,1173.55 ± 265.81,301.72 ± 80.81,17.33% ± 2.4,42.67% ± 1.2,930.55 ± 150.63,1333.74 ± 172.80,346.24 ± 54.52,0.00% ± 0.0,17.00% ± 2.2,994.67 ± 78.45,1394.99 ± 87.33,381.88 ± 35.79,96.67% ± 0.5,96.33% ± 1.2,509.68 ± 209.22,783.61 ± 246.33,199.10 ± 75.37
Gemma3-it (27B),100.00% ± 0.0,100.00% ± 0.0,160.54 ± 4.26,464.04 ± 10.76,84.01 ± 2.25,99.00% ± 0.0,100.00% ± 0.0,55.35 ± 0.75,159.89 ± 2.29,28.36 ± 0.41,93.00% ± 1.6,99.67% ± 0.5,389.43 ± 2.61,914.53 ± 4.55,151.00 ± 1.56,98.67% ± 0.5,100.00% ± 0.0,226.24 ± 3.23,458.37 ± 8.66,102.08 ± 1.95,92.33% ± 0.5,100.00% ± 0.0,290.86 ± 2.60,448.29 ± 3.78,100.34 ± 0.56,64.67% ± 2.6,100.00% ± 0.0,484.27 ± 10.92,641.27 ± 10.15,149.89 ± 2.51,100.00% ± 0.0,100.00% ± 0.0,206.93 ± 5.87,475.38 ± 13.55,107.88 ± 3.51,100.00% ± 0.0,99.33% ± 0.5,533.07 ± 13.79,1117.28 ± 31.02,222.55 ± 4.22,87.33% ± 2.1,83.33% ± 2.1,750.49 ± 3.58,1267.39 ± 5.12,273.63 ± 1.77,57.33% ± 3.7,53.67% ± 3.3,857.90 ± 22.23,1233.53 ± 21.60,274.74 ± 9.24,100.00% ± 0.0,100.00% ± 0.0,281.94 ± 6.86,668.18 ± 22.36,126.73 ± 3.72,98.67% ± 0.5,99.33% ± 0.5,483.99 ± 17.54,1049.03 ± 36.72,198.26 ± 6.28,82.67% ± 1.2,80.67% ± 2.1,700.99 ± 16.01,1315.66 ± 33.83,256.61 ± 5.54,81.00% ± 1.4,80.67% ± 1.9,698.47 ± 3.33,1093.10 ± 8.80,210.47 ± 2.52,100.00% ± 0.0,100.00% ± 0.0,232.96 ± 5.17,569.72 ± 12.39,103.33 ± 2.28,45.00% ± 4.3,100.00% ± 0.0,758.86 ± 3.59,1131.54 ± 5.35,288.01 ± 0.72,0.33% ± 0.5,99.67% ± 0.5,971.93 ± 6.31,1337.66 ± 3.40,360.20 ± 3.23,0.00% ± 0.0,96.33% ± 1.7,1023.89 ± 0.16,1336.66 ± 1.40,368.26 ± 1.71,98.33% ± 0.5,100.00% ± 0.0,404.92 ± 5.92,715.53 ± 10.45,164.25 ± 2.13,66.00% ± 0.0,100.00% ± 0.0,251.28 ± 4.09,544.11 ± 6.05,108.07 ± 1.22,37.33% ± 2.9,100.00% ± 0.0,392.44 ± 20.33,697.15 ± 24.48,134.07 ± 4.75,1.33% ± 1.2,99.67% ± 0.5,659.38 ± 9.47,987.12 ± 9.02,189.01 ± 1.80,90.33% ± 0.5,100.00% ± 0.0,193.09 ± 4.42,475.34 ± 11.21,94.21 ± 2.19,100.00% ± 0.0,100.00% ± 0.0,211.80 ± 5.94,405.83 ± 11.64,87.02 ± 2.32,95.00% ± 0.0,100.00% ± 0.0,303.06 ± 0.69,454.64 ± 1.12,106.60 ± 0.53,77.00% ± 2.0,99.50% ± 0.5,548.17 ± 4.98,699.73 ± 9.68,170.98 ± 2.25,100.00% ± 0.0,100.00% ± 0.0,178.78 ± 5.64,455.97 ± 15.84,89.25 ± 3.17,94.67% ± 1.9,100.00% ± 0.0,219.39 ± 5.67,421.03 ± 7.29,86.57 ± 1.62,37.33% ± 0.5,63.67% ± 3.3,766.23 ± 15.21,1107.85 ± 22.76,219.18 ± 3.78,0.00% ± 0.0,12.67% ± 0.5,993.63 ± 5.00,1513.83 ± 8.83,269.08 ± 3.10,99.00% ± 0.0,100.00% ± 0.0,265.86 ± 5.81,506.47 ± 10.98,108.14 ± 2.75,95.67% ± 2.1,100.00% ± 0.0,415.95 ± 20.44,651.36 ± 34.86,137.35 ± 7.16,72.00% ± 2.5,99.00% ± 0.8,619.36 ± 10.79,827.77 ± 16.95,168.93 ± 3.33,100.00% ± 0.0,100.00% ± 0.0,234.10 ± 3.15,508.73 ± 9.70,110.62 ± 2.53,89.00% ± 1.4,100.00% ± 0.0,175.27 ± 0.24,240.90 ± 0.13,41.65 ± 0.01,59.67% ± 1.2,100.00% ± 0.0,341.23 ± 5.31,424.59 ± 5.86,75.66 ± 1.09,16.00% ± 0.8,100.00% ± 0.0,650.56 ± 4.94,765.87 ± 5.64,138.68 ± 1.01,100.00% ± 0.0,100.00% ± 0.0,99.98 ± 3.37,156.65 ± 7.67,26.05 ± 1.35,100.00% ± 0.0,100.00% ± 0.0,115.00 ± 2.89,281.51 ± 8.94,53.81 ± 1.74,71.67% ± 1.2,93.00% ± 1.4,546.94 ± 17.49,830.56 ± 18.58,211.12 ± 6.49,9.33% ± 1.9,40.00% ± 4.2,884.23 ± 20.35,1204.14 ± 23.76,331.61 ± 5.89,0.00% ± 0.0,35.67% ± 0.9,976.16 ± 3.67,1290.17 ± 6.23,350.98 ± 0.87,99.67% ± 0.5,100.00% ± 0.0,319.09 ± 3.54,541.47 ± 5.67,128.16 ± 1.29
gemini-2.0-flash,100.00% ± 0.0,100.00% ± 0.0,163.70 ± 5.80,437.67 ± 23.66,79.77 ± 4.93,100.00% ± 0.0,100.00% ± 0.0,50.53 ± 5.02,150.30 ± 10.71,26.27 ± 2.66,100.00% ± 0.0,100.00% ± 0.0,289.63 ± 25.45,645.83 ± 49.94,97.30 ± 4.95,100.00% ± 0.0,100.00% ± 0.0,200.37 ± 115.55,390.60 ± 220.60,85.47 ± 50.48,86.67% ± 4.7,100.00% ± 0.0,263.57 ± 107.51,419.73 ± 173.09,92.57 ± 39.52,80.00% ± 8.2,100.00% ± 0.0,428.67 ± 152.04,577.50 ± 208.68,132.47 ± 47.06,100.00% ± 0.0,100.00% ± 0.0,161.20 ± 96.10,379.10 ± 228.33,83.73 ± 52.92,100.00% ± 0.0,100.00% ± 0.0,410.17 ± 140.19,857.13 ± 333.15,165.63 ± 65.72,100.00% ± 0.0,100.00% ± 0.0,768.70 ± 223.31,1325.47 ± 428.60,285.27 ± 94.32,100.00% ± 0.0,100.00% ± 0.0,1040.10 ± 521.08,1568.87 ± 868.71,331.30 ± 190.68,100.00% ± 0.0,100.00% ± 0.0,273.47 ± 228.89,605.83 ± 421.26,116.40 ± 90.09,100.00% ± 0.0,100.00% ± 0.0,417.53 ± 139.39,870.10 ± 314.60,162.80 ± 61.39,100.00% ± 0.0,100.00% ± 0.0,685.97 ± 309.73,1250.43 ± 603.32,240.60 ± 119.24,100.00% ± 0.0,100.00% ± 0.0,900.00 ± 368.89,1451.97 ± 690.85,283.43 ± 139.48,100.00% ± 0.0,100.00% ± 0.0,233.83 ± 89.36,539.17 ± 214.67,99.30 ± 40.30,80.00% ± 8.2,100.00% ± 0.0,616.90 ± 170.49,969.97 ± 223.26,235.43 ± 62.75,6.67% ± 4.7,100.00% ± 0.0,836.40 ± 622.26,1192.90 ± 743.14,313.20 ± 250.28,0.00% ± 0.0,100.00% ± 0.0,861.40 ± 495.39,1217.73 ± 597.72,322.43 ± 180.09,90.00% ± 0.0,100.00% ± 0.0,420.30 ± 111.75,719.30 ± 181.78,170.13 ± 44.24,100.00% ± 0.0,100.00% ± 0.0,293.10 ± 104.01,627.93 ± 184.99,118.50 ± 36.02,93.33% ± 4.7,100.00% ± 0.0,429.87 ± 126.06,769.20 ± 194.69,145.10 ± 35.76,53.33% ± 4.7,100.00% ± 0.0,673.27 ± 236.77,1026.83 ± 279.09,192.13 ± 50.84,100.00% ± 0.0,100.00% ± 0.0,204.50 ± 39.50,505.57 ± 82.18,95.93 ± 15.74,100.00% ± 0.0,100.00% ± 0.0,224.97 ± 50.00,418.20 ± 101.26,85.33 ± 18.61,90.00% ± 0.0,100.00% ± 0.0,347.73 ± 85.50,564.23 ± 187.94,126.33 ± 38.13,100.00% ± 0.0,100.00% ± 0.0,595.23 ± 125.69,775.93 ± 159.34,183.43 ± 33.79,100.00% ± 0.0,100.00% ± 0.0,175.27 ± 29.36,429.40 ± 80.03,84.03 ± 15.20,100.00% ± 0.0,100.00% ± 0.0,232.60 ± 112.05,475.40 ± 214.80,95.60 ± 47.30,10.00% ± 14.1,100.00% ± 0.0,348.47 ± 209.71,636.50 ± 327.95,115.10 ± 74.67,0.00% ± 0.0,100.00% ± 0.0,651.63 ± 165.75,1113.47 ± 327.22,187.43 ± 49.63,96.67% ± 4.7,100.00% ± 0.0,208.50 ± 87.30,403.00 ± 165.59,80.10 ± 34.83,100.00% ± 0.0,100.00% ± 0.0,316.97 ± 135.68,492.13 ± 230.93,98.90 ± 47.08,90.00% ± 8.2,100.00% ± 0.0,499.13 ± 209.08,677.07 ± 308.98,137.30 ± 60.68,100.00% ± 0.0,100.00% ± 0.0,190.23 ± 80.86,420.57 ± 186.88,87.43 ± 40.40,100.00% ± 0.0,100.00% ± 0.0,224.80 ± 100.97,317.37 ± 191.14,54.40 ± 32.28,96.67% ± 4.7,100.00% ± 0.0,333.50 ± 33.28,401.07 ± 52.61,71.53 ± 9.11,63.33% ± 9.4,100.00% ± 0.0,649.53 ± 5.95,762.67 ± 9.79,137.87 ± 1.36,100.00% ± 0.0,100.00% ± 0.0,198.27 ± 95.79,382.40 ± 240.06,66.03 ± 41.16,100.00% ± 0.0,100.00% ± 0.0,121.73 ± 3.07,312.00 ± 4.42,58.43 ± 1.28,96.67% ± 4.7,100.00% ± 0.0,462.63 ± 206.29,757.30 ± 264.42,177.90 ± 79.10,6.67% ± 9.4,100.00% ± 0.0,627.00 ± 230.78,912.63 ± 280.54,228.17 ± 76.04,0.00% ± 0.0,96.67% ± 4.7,1122.30 ± 1321.99,1453.23 ± 1568.89,416.23 ± 530.31,93.33% ± 4.7,100.00% ± 0.0,391.47 ± 131.31,663.67 ± 179.98,156.00 ± 48.40
gemini-1.5-flash,100.00% ± 0.0,100.00% ± 0.0,174.90 ± 6.17,482.83 ± 22.29,89.77 ± 3.77,100.00% ± 0.0,100.00% ± 0.0,34.23 ± 3.23,94.40 ± 9.38,16.97 ± 1.79,86.67% ± 12.5,100.00% ± 0.0,225.67 ± 17.77,577.57 ± 45.22,87.90 ± 6.02,63.33% ± 45.0,63.33% ± 45.0,153.80 ± 172.38,661.00 ± 322.73,92.80 ± 64.77,86.67% ± 9.4,100.00% ± 0.0,350.27 ± 149.82,692.20 ± 319.02,144.57 ± 61.78,16.67% ± 4.7,100.00% ± 0.0,385.53 ± 122.95,589.83 ± 180.20,125.20 ± 39.04,66.67% ± 34.0,66.67% ± 34.0,170.93 ± 143.85,692.00 ± 217.69,102.10 ± 48.33,100.00% ± 0.0,100.00% ± 0.0,307.90 ± 118.10,636.77 ± 249.00,120.60 ± 50.41,93.33% ± 4.7,100.00% ± 0.0,438.87 ± 213.15,855.43 ± 399.04,166.53 ± 83.25,100.00% ± 0.0,100.00% ± 0.0,489.87 ± 184.16,790.90 ± 286.70,145.47 ± 52.51,96.67% ± 4.7,100.00% ± 0.0,210.87 ± 75.45,458.43 ± 124.42,87.10 ± 24.44,100.00% ± 0.0,100.00% ± 0.0,299.93 ± 103.33,660.00 ± 225.98,118.00 ± 41.50,100.00% ± 0.0,100.00% ± 0.0,346.67 ± 160.74,687.97 ± 289.86,126.70 ± 59.17,100.00% ± 0.0,100.00% ± 0.0,467.47 ± 131.21,797.33 ± 221.41,143.77 ± 38.41,100.00% ± 0.0,100.00% ± 0.0,205.57 ± 63.68,464.50 ± 125.49,86.47 ± 23.26,13.33% ± 4.7,100.00% ± 0.0,494.10 ± 106.45,870.57 ± 121.47,200.83 ± 40.33,0.00% ± 0.0,100.00% ± 0.0,584.00 ± 87.40,961.40 ± 110.32,217.17 ± 33.52,0.00% ± 0.0,10.00% ± 14.1,86.23 ± 255.90,903.53 ± 133.11,82.87 ± 65.80,60.00% ± 8.2,100.00% ± 0.0,333.33 ± 77.64,672.63 ± 158.97,143.53 ± 30.32,0.00% ± 0.0,0.00% ± 0.0,1.00 ± 0.00,859.87 ± 0.34,61.00 ± 0.00,0.00% ± 0.0,0.00% ± 0.0,1.00 ± 0.00,859.80 ± 0.40,61.00 ± 0.00,0.00% ± 0.0,0.00% ± 0.0,1.00 ± 0.00,859.87 ± 0.34,61.00 ± 0.00,0.00% ± 0.0,0.00% ± 0.0,1.00 ± 0.00,859.80 ± 0.40,61.00 ± 0.00,0.00% ± 0.0,100.00% ± 0.0,1.00 ± 0.00,859.83 ± 0.37,61.00 ± 0.00,0.00% ± 0.0,100.00% ± 0.0,1.00 ± 0.00,859.87 ± 0.34,61.00 ± 0.00,0.00% ± 0.0,100.00% ± 0.0,1.00 ± 0.00,859.83 ± 0.37,61.00 ± 0.00,0.00% ± 0.0,100.00% ± 0.0,1.00 ± 0.00,859.80 ± 0.40,61.00 ± 0.00,33.33% ± 9.4,100.00% ± 0.0,141.00 ± 100.81,326.10 ± 207.83,60.70 ± 45.09,0.00% ± 0.0,100.00% ± 0.0,239.40 ± 38.12,506.30 ± 90.62,85.57 ± 16.79,0.00% ± 0.0,100.00% ± 0.0,516.03 ± 89.14,1034.90 ± 186.96,173.03 ± 31.55,100.00% ± 0.0,100.00% ± 0.0,312.97 ± 108.47,647.00 ± 214.55,124.13 ± 41.86,76.67% ± 4.7,100.00% ± 0.0,345.83 ± 169.88,589.40 ± 278.81,117.00 ± 57.80,13.33% ± 4.7,100.00% ± 0.0,597.33 ± 184.86,896.50 ± 297.88,172.57 ± 63.33,100.00% ± 0.0,100.00% ± 0.0,211.10 ± 87.73,517.20 ± 243.37,97.93 ± 47.20,96.67% ± 4.7,100.00% ± 0.0,227.20 ± 96.44,333.17 ± 186.83,57.43 ± 31.31,96.67% ± 4.7,100.00% ± 0.0,363.67 ± 80.75,466.70 ± 126.45,83.27 ± 21.44,36.67% ± 12.5,100.00% ± 0.0,646.20 ± 13.16,762.57 ± 58.97,138.00 ± 9.64,100.00% ± 0.0,100.00% ± 0.0,116.10 ± 53.35,185.73 ± 113.78,31.30 ± 18.96,100.00% ± 0.0,100.00% ± 0.0,58.50 ± 2.33,120.33 ± 3.22,22.77 ± 0.86,43.33% ± 4.7,100.00% ± 0.0,436.60 ± 170.92,728.30 ± 240.86,174.43 ± 68.83,0.00% ± 0.0,100.00% ± 0.0,538.03 ± 146.64,807.53 ± 225.38,208.37 ± 54.50,0.00% ± 0.0,100.00% ± 0.0,794.67 ± 125.25,1176.90 ± 135.44,284.23 ± 47.51,63.33% ± 9.4,100.00% ± 0.0,219.77 ± 89.82,362.90 ± 162.92,86.83 ± 38.03
gemini-1.5-flash-8b,90.00% ± 8.2,93.33% ± 4.7,68.93 ± 4.09,179.33 ± 4.88,31.50 ± 1.15,100.00% ± 0.0,100.00% ± 0.0,38.20 ± 0.86,96.67 ± 1.28,17.37 ± 0.34,70.00% ± 8.2,100.00% ± 0.0,165.60 ± 8.05,367.53 ± 25.01,53.13 ± 3.38,0.00% ± 0.0,0.00% ± 0.0,1.00 ± 0.00,862.80 ± 0.40,61.00 ± 0.00,0.00% ± 0.0,0.00% ± 0.0,1.00 ± 0.00,862.87 ± 0.34,61.00 ± 0.00,0.00% ± 0.0,80.00% ± 21.6,247.37 ± 226.14,498.17 ± 304.91,85.63 ± 57.68,56.67% ± 28.7,66.67% ± 28.7,33.87 ± 38.72,367.33 ± 357.31,36.27 ± 22.78,100.00% ± 0.0,100.00% ± 0.0,191.10 ± 55.01,404.33 ± 103.95,74.13 ± 18.49,80.00% ± 0.0,93.33% ± 4.7,246.30 ± 88.19,448.57 ± 126.58,82.67 ± 25.23,86.67% ± 4.7,96.67% ± 4.7,235.50 ± 167.34,402.63 ± 204.81,73.87 ± 38.41,96.67% ± 4.7,96.67% ± 4.7,170.73 ± 112.21,351.40 ± 149.60,68.10 ± 37.34,93.33% ± 4.7,100.00% ± 0.0,184.27 ± 52.32,379.23 ± 80.12,68.77 ± 14.48,93.33% ± 4.7,93.33% ± 4.7,227.93 ± 81.44,426.33 ± 114.00,76.93 ± 22.11,70.00% ± 14.1,70.00% ± 14.1,268.07 ± 174.95,455.43 ± 210.09,80.73 ± 41.90,100.00% ± 0.0,100.00% ± 0.0,165.27 ± 98.48,340.53 ± 155.95,63.10 ± 35.75,0.00% ± 0.0,86.67% ± 4.7,298.80 ± 233.91,490.43 ± 295.01,120.93 ± 85.72,0.00% ± 0.0,63.33% ± 18.9,213.67 ± 178.93,402.60 ± 233.05,90.97 ± 64.09,0.00% ± 0.0,70.00% ± 8.2,383.20 ± 290.90,642.17 ± 390.67,145.53 ± 93.13,20.00% ± 8.2,100.00% ± 0.0,224.17 ± 89.75,387.20 ± 126.17,93.13 ± 35.45,0.00% ± 0.0,0.00% ± 0.0,1.00 ± 0.00,862.87 ± 0.34,61.00 ± 0.00,0.00% ± 0.0,0.00% ± 0.0,1.00 ± 0.00,862.80 ± 0.40,61.00 ± 0.00,0.00% ± 0.0,0.00% ± 0.0,1.00 ± 0.00,862.87 ± 0.34,61.00 ± 0.00,40.00% ± 29.4,56.67% ± 40.3,100.10 ± 88.43,556.53 ± 244.54,66.33 ± 16.77,0.00% ± 0.0,100.00% ± 0.0,1.00 ± 0.00,862.83 ± 0.37,61.00 ± 0.00,0.00% ± 0.0,100.00% ± 0.0,1.00 ± 0.00,862.83 ± 0.37,61.00 ± 0.00,0.00% ± 0.0,100.00% ± 0.0,1.00 ± 0.00,862.80 ± 0.40,61.00 ± 0.00,0.00% ± 0.0,100.00% ± 0.0,1.00 ± 0.00,862.80 ± 0.40,61.00 ± 0.00,3.33% ± 4.7,100.00% ± 0.0,64.80 ± 9.48,140.43 ± 23.01,23.43 ± 3.55,0.00% ± 0.0,86.67% ± 12.5,180.40 ± 119.59,368.07 ± 208.29,55.70 ± 31.70,0.00% ± 0.0,63.33% ± 17.0,473.33 ± 370.63,971.73 ± 654.65,146.70 ± 100.85,53.33% ± 4.7,96.67% ± 4.7,162.70 ± 205.02,275.77 ± 285.62,50.97 ± 52.72,10.00% ± 8.2,86.67% ± 4.7,398.23 ± 274.50,587.50 ± 344.92,108.97 ± 65.19,0.00% ± 0.0,70.00% ± 0.0,398.93 ± 365.53,570.83 ± 428.92,107.33 ± 86.42,80.00% ± 8.2,93.33% ± 4.7,93.57 ± 108.21,199.50 ± 182.83,38.20 ± 36.39,96.67% ± 4.7,100.00% ± 0.0,269.97 ± 41.23,393.67 ± 61.22,69.43 ± 10.86,66.67% ± 4.7,96.67% ± 4.7,503.83 ± 177.71,652.93 ± 202.74,117.57 ± 37.08,0.00% ± 0.0,80.00% ± 8.2,707.83 ± 423.18,882.50 ± 461.82,160.20 ± 87.51,100.00% ± 0.0,100.00% ± 0.0,149.37 ± 15.96,254.90 ± 32.28,44.13 ± 5.79,93.33% ± 4.7,93.33% ± 4.7,66.43 ± 3.79,151.67 ± 6.95,27.97 ± 1.40,6.67% ± 9.4,60.00% ± 29.4,287.43 ± 294.21,452.37 ± 332.13,119.93 ± 108.01,0.00% ± 0.0,93.33% ± 4.7,449.60 ± 227.29,657.07 ± 286.91,176.00 ± 82.06,0.00% ± 0.0,90.00% ± 8.2,502.20 ± 241.68,734.73 ± 290.99,188.90 ± 84.45,40.00% ± 0.0,96.67% ± 4.7,229.17 ± 86.85,348.47 ± 126.12,89.03 ± 33.09
gemini-2.0-flash-lite,100.00% ± 0.0,100.00% ± 0.0,202.53 ± 1.96,557.77 ± 2.30,102.20 ± 0.94,100.00% ± 0.0,100.00% ± 0.0,43.63 ± 5.58,125.50 ± 17.99,22.83 ± 3.27,96.67% ± 4.7,100.00% ± 0.0,566.63 ± 375.86,1721.33 ± 1391.30,259.63 ± 206.18,100.00% ± 0.0,100.00% ± 0.0,199.63 ± 67.36,409.57 ± 149.00,88.33 ± 35.61,86.67% ± 4.7,100.00% ± 0.0,259.73 ± 100.52,423.03 ± 171.33,91.60 ± 36.42,60.00% ± 14.1,100.00% ± 0.0,508.77 ± 180.92,739.73 ± 271.62,166.10 ± 58.95,100.00% ± 0.0,100.00% ± 0.0,166.43 ± 68.19,399.20 ± 154.22,86.30 ± 36.62,100.00% ± 0.0,100.00% ± 0.0,422.50 ± 139.17,874.03 ± 291.06,165.80 ± 57.42,100.00% ± 0.0,100.00% ± 0.0,594.47 ± 209.39,1023.67 ± 424.19,203.50 ± 87.78,96.67% ± 4.7,96.67% ± 4.7,737.47 ± 365.52,1096.23 ± 542.49,222.97 ± 129.95,96.67% ± 4.7,96.67% ± 4.7,243.30 ± 72.98,549.87 ± 163.43,104.50 ± 30.83,100.00% ± 0.0,100.00% ± 0.0,360.20 ± 94.74,767.47 ± 193.09,137.07 ± 34.78,100.00% ± 0.0,100.00% ± 0.0,522.70 ± 246.71,945.87 ± 556.79,170.17 ± 96.45,100.00% ± 0.0,100.00% ± 0.0,758.07 ± 248.18,1183.63 ± 445.60,222.50 ± 103.52,100.00% ± 0.0,100.00% ± 0.0,269.63 ± 80.90,644.27 ± 205.85,115.93 ± 34.41,66.67% ± 12.5,100.00% ± 0.0,582.70 ± 252.42,904.70 ± 308.55,223.60 ± 91.74,3.33% ± 4.7,100.00% ± 0.0,748.10 ± 576.29,1103.47 ± 691.78,293.77 ± 237.23,0.00% ± 0.0,100.00% ± 0.0,662.63 ± 196.41,973.07 ± 249.76,260.97 ± 71.10,86.67% ± 4.7,100.00% ± 0.0,384.87 ± 117.92,690.27 ± 185.16,158.10 ± 43.29,100.00% ± 0.0,100.00% ± 0.0,489.73 ± 1430.44,1471.47 ± 5177.48,240.77 ± 772.21,90.00% ± 0.0,100.00% ± 0.0,385.63 ± 136.56,700.37 ± 190.35,135.03 ± 38.63,30.00% ± 14.1,100.00% ± 0.0,503.30 ± 174.17,801.30 ± 226.61,149.50 ± 43.12,100.00% ± 0.0,100.00% ± 0.0,202.53 ± 36.40,504.93 ± 79.29,97.83 ± 16.03,96.67% ± 4.7,100.00% ± 0.0,248.30 ± 88.15,499.27 ± 154.36,101.10 ± 30.16,100.00% ± 0.0,100.00% ± 0.0,369.60 ± 116.94,579.50 ± 199.37,131.47 ± 41.20,83.33% ± 4.7,100.00% ± 0.0,507.13 ± 230.95,698.20 ± 278.55,158.73 ± 65.03,96.67% ± 4.7,100.00% ± 0.0,165.50 ± 47.03,423.50 ± 107.20,81.97 ± 22.29,66.67% ± 4.7,93.33% ± 9.4,189.20 ± 138.91,401.30 ± 259.45,76.60 ± 54.99,3.33% ± 4.7,100.00% ± 0.0,353.20 ± 182.39,662.47 ± 229.36,109.97 ± 45.69,0.00% ± 0.0,100.00% ± 0.0,975.33 ± 1353.23,1820.50 ± 2807.04,257.97 ± 306.15,100.00% ± 0.0,100.00% ± 0.0,263.27 ± 105.74,526.33 ± 224.46,109.67 ± 53.62,80.00% ± 16.3,100.00% ± 0.0,378.07 ± 148.30,641.73 ± 261.39,128.57 ± 53.74,36.67% ± 12.5,100.00% ± 0.0,692.30 ± 140.72,1093.60 ± 268.26,217.93 ± 53.80,96.67% ± 4.7,100.00% ± 0.0,454.37 ± 1440.30,1375.87 ± 5081.05,233.77 ± 774.25,100.00% ± 0.0,100.00% ± 0.0,255.97 ± 122.07,408.70 ± 237.25,69.53 ± 40.62,86.67% ± 4.7,100.00% ± 0.0,413.87 ± 157.15,545.73 ± 264.40,96.63 ± 45.81,73.33% ± 9.4,100.00% ± 0.0,632.83 ± 90.96,744.00 ± 104.95,134.43 ± 19.00,100.00% ± 0.0,100.00% ± 0.0,153.10 ± 83.63,296.23 ± 208.02,49.90 ± 35.40,100.00% ± 0.0,100.00% ± 0.0,134.13 ± 6.51,357.30 ± 25.27,67.37 ± 4.30,73.33% ± 4.7,90.00% ± 0.0,477.37 ± 323.55,741.60 ± 378.39,187.40 ± 119.24,6.67% ± 9.4,96.67% ± 4.7,759.57 ± 1388.02,1529.60 ± 4175.74,306.23 ± 598.39,0.00% ± 0.0,93.33% ± 4.7,746.17 ± 234.65,1003.33 ± 276.26,273.17 ± 85.44,90.00% ± 8.2,93.33% ± 4.7,337.73 ± 131.92,573.47 ± 170.52,137.03 ± 47.91
